昵称,年龄,会,想学,留言,城市,性别
blues,30岁,税法 会计 透视表,驾驶,,深圳,男
鹤慈,19岁,钢琴,大提琴 日语,,天津,女
zhx119006091,保密,庆典策划 平面设计 驾驶 体育运动 手绘,摄影 运动 旅游 等,我觉得吧学习技能分三个阶段，首选是找到合适的换客，然后呢就是线上交流，然后就是开始学习。,黄冈,男
夜,26岁,销售技巧 团队管理 好书分享,吉他 口琴 羽毛球,希望能交到更多的朋友,福州,男
文墨,28岁,计算机软件编程,曳舞 吉他 金融知识,,上海,男
友文,23岁,程式設計 網頁設計,英文會話,"哈囉~
想用程式設計交換英文會話
如果你的英文會話能和外國人流利對談
又想學程式的歡迎聯絡~",台灣,男
苍茫之鹰,35岁,PS framemaker indesign Oxygen Ditatoo Abortext Illustrator Catia composer Alladdin office 软件,英语,对技术写作感兴趣的，可以联系我。,北京,男
温陵,23岁,PS设计 闽南话 新媒体推广 陪聊,韩语 日语 书法 绘画 摄影,,泉州,女
汤太热,27岁,Ps cad su 等相关设计软件 基础绘画,英语 数据挖掘分析 等感兴趣的,,上海,男
庸兵,18岁,二胡,新颖的或者通用类技能,,大同,男
奥利奥,26岁,简单粤语 精通PS AI CDR 吉他 音频剪辑,想学粤语 英语,,浙江台州,男
c c c,22岁,哭了没什么会的 会一点画画,漫画 分镜 脚本 ps 动画,请救救我，老师我想学画画，想学有用的技能,暂时在上海,保密
Everrr,27岁,Java Js IT相关,英语（本人有基础 能看懂简单的文章）,"没抱太大希望，对这个网站很好奇，^_^，
个人博客：www.zhaolianqi.cn",长沙,男
金海,30岁,外汇操盘手,什么都想学,随缘,赣州,男
阿达亚克西,24岁,剑道,魔法,再聊,side4,保密
尧,33岁,汽车驾驶,英语,,北京,男
妖,18岁,想象力 作文 小说,假声,没必要非得假声，唱歌技巧也可以,阳泉,保密
天罡葫芦娃,28岁,编程 游泳 ps ai,小提琴 素描,想在业余时间学些自己喜欢的事情,杭州,男
夜,26岁,销售技巧 团队管理 好书分享,吉他 口琴 羽毛球,希望能交到更多的朋友,福州,男
T&amp;Y,27岁,英语 Catia 汽车内饰 结构设计 CAD proe 篮球 Cooking,日语 德语 汽车结构 产品工程师,,上海,保密
T&amp;Y,27岁,英语 Catia 汽车内饰 结构设计 CAD pore 篮球 cooking,日语 德语 汽车结构 产品工程师,,上海,保密
绿叶,0岁,开车 做饭 cad ps 中国话,吉他 英语,看清楚了联系,中国,男
muabe,20岁,普通话 粤语 唱歌 PS PR AU,英语口语 俄语 钢琴 电子琴 声乐,可能不会是个很好的老师（应该是严厉的那种），但会是个好学生！,广州,女
Hermione,20岁,英语 法语,日语 西班牙语,哇 来交换技能鸭,adelaide,保密
中医师,45岁,针灸 艾灸等治病技能,做家务,"我给你免费治病,交换做家务.",南京,女
地球村村民,51岁,日语,乒乓球,,北京,男
一紧张就犯困的小孩,27岁,驾驶（9年老司机） 互联网产品（需求 原型 文档） 搏击（散打）,3D建模 特效制作,都是实打实的吃饭手艺、不忽悠、希望能找到合适的志同道合的伙伴互相学习、非诚勿扰,北京,男
金祥,39岁,PS 软件编程,无,,山东淄博,男
morediligent,30岁,Java编程 前端（HTML+JQUERY等）开发 与计算机和软件有关的其他技能 吉他弹唱 英语六级以上,日语 英语口语 韩语等各种语言 其他技能也可以,,北京,保密
一见,26岁,互联网电商 运营,数据分析,,上海,女
Simple,28岁,游戏编程,绘画,,北京,男
PANO,21岁,摄影 PS 日语,手绘 设计 视频拍摄,,厦门,保密
shadow,22岁,绘画,AI 平面设计,,上海,保密
木子爱马内,0岁,python编程 英语花体字,日语,,上海,保密
薄荷甜,保密,开车 上海话 基础会计,只要你会的都可以,希望能学到各种技能，能交到好朋友,上海,男
木一,21岁,古筝 中医药,视频剪辑 皮具制作 绘画,期待认识不一样的你,广州,保密
小裂,26岁,摄影 后期编辑 视频拍摄 视频剪辑 粤语,日语,因为打算去日本，所以需要学好日语。作为回报，可以教你摄影摄像及后期制作，我是职业的影像制作人。,上海,男
Zhao,18岁,基础ps cdr,英语,,株洲,女
飞机是灰色的。,25岁,硬笔书法（楷书 行楷） 英文书法（foundation hand old English）PS PPT,python 数据分析 PR AE,"会写代码分析数据的人真的好厉害呀…所以我想先学点皮毛嗯，拜托啦各位！
让我们一起成为更优秀的人吧！(*^▽^*)",南京,女
好花喵,20岁,粤语 旅游,音乐 声乐,很想学好唱歌,广州,女
Joe,50岁,英语 书法,塔罗牌 紫微斗数,,广州,男
Tea,43岁,餐饮供应链管理,英语,,北京,男
rey,保密,设计思维 数字媒体相关 绘画 化妆品护肤品安利 cpy文学 问题分析,日语 泡好看的男孩子,兴趣爱好广杂，具体可私，跪求老师教学QAQ,北京,保密
红豆,27岁,药品,陶笛,不会的东西太多，想找个老师,双鸭山,保密
希希,17岁,中文 舞蹈（自学）,英语 互联网,萌新，请多多指教ヾ(❀╹◡╹)ﾉ~,吉林,女
二狗子患者,27岁,没什么拿得出手的,什么都想学,,甘肃平凉,男
Suerte,保密,西语,西语 日语 摄影 外贸 导游,,重庆,保密
Alex,24岁,吉他 英语,街舞 编曲,,北京,男
空一,21岁,重庆话 日语 手帐 绘画 追星 退堂鼓 creo keyshot sw 家居设计,日语 暴富 和男孩子不尬聊 板绘,聊聊天说不定有新发现哇,重庆,女
笑笑,保密,做饭算吗 入门视频音频处理 化妆新手 英语 数学还不错,唱歌 画画 钢琴 爵士 建筑设计,,北京,保密
diudiu,21岁,视频剪辑 儿童插画,英语 健身,,上海‘,女
一只梨,28岁,PS 做饭,手绘,,北京,保密
不走心的世界,33岁,司法考试 备考中高考研考 社科类毕业论文写作,照相,真诚做人，认真做事,上海/苏州,男
Tea,43岁,餐饮供应链管理,英语,,北京,男
花喵,20岁,粤语 旅游,音乐 声乐,很想学好唱歌,广州,女
烟云供养,28岁,书法,英语,非诚勿让,北京,男
P,18岁,板绘 插图,控制情绪 讲故事,我几乎要分不清我做的事情是否正确，每天都很难过,合肥,女
kame,保密,粤语 化妆 手绘,日语 英语 PS AI CDR,希望能互相学习，互相提升技能。欢迎各位加我QQ,深圳,女
hashi kiyotaka,35岁,日语 中文,英文,我住上海的日本人，我会中文，我想学习英语，要是你想学习正宗日语的话，就告诉我。本人不需要学中文。,上海,男
ainihome,保密,开车 英语专业八级 蛙泳 电影下载地址搜索,PS 机电工程,Email联系：ainihome@foxmail.com ,北京,男
Botak,25岁,PS Rhino 犀牛 Keyshot,C4D,,宁波,男
shelly8,保密,上海话 英语专业8级,日语 钢琴,英语专业8级  听说读写全部OK,上海,女
morose,保密,上海话英语高等数学股票象棋,都可以,我觉得吧学习技能分三个阶段，首选是找到合适的换客，然后呢就是线上交流，然后就是开始学习。,上海,男
magikat,25岁,基本PS Indesign 乒乓 英语 自行车 其他可询问,高等数学 日语 Alias,,上海,女
yelan79,保密,上海话 英语,日语 粤语 英语口语 语言类都行,工作中会用到英语，所以懂一点。从小到大最大的梦想是找一份能全世界旅游的工作，所以想学语言。,上海,女
trinity,32岁,英语8级 化妆 美甲,日语 ps,本人英语8级，学过美甲，化妆，想学日语和ps,深圳,女
Kasper,23岁,钢琴,英语 日语,= =因为钢琴教学的特殊性 只能同城教学  好很多,广东惠州,男
lagena,20岁,PS PR 声乐 文案,摄影 乐理 Java基础,,杭州,男
杳杳,18岁,古筝,自行车 水粉 英语 ps pr 游泳,,淮北,女
力比多,21岁,游泳,西语 英语 日语,,天津,女
胡子,35岁,开车 CAD PROE 古筝 长笛 口琴 商务主持人,俄语 德语 PMP,,濮阳,男
小菜子,19岁,摄影 基础ps pr 入门吉他 英语六级,英语口语 吉他,,成都,女
新侬,25岁,潮州话 广州话,英语 编程 语言学,,汕头,男
柠檬,21岁,普通话 文案 讲故事,英语 韩语 日语 画画,,保定,女
苏言,18岁,画画,高中的文化知识,艺术班的。文化太差，想补一下文化,抚州,男
379644885,保密,开车 五笔 电子 普通话四级,都可以,我是一个爱学习的人，真诚地期待有人可以和我互相学习。,温州,男
R,27岁,绘画 PS,英语,,广州,保密
方枪枪,保密,平面设计 街舞,英语口语 营运管理,大家好，我来自广东省广州市，是一名平面设计师。现在在一家广告公司工作。我的生活的另一部分是HIPHOP 从2002年开始接触Hip-Hop文化，对各种舞种都有所认识，我最擅长的是Poppin&amp;#39; 现在因工作方面的需要想提高自己的外语能力以及营运管理方面的能力。希望可以和大家多作交流。,广州,男
Eric,55岁,游泳,模具 AI,,常州,男
Asura,24岁,编程 爵士鼓 ps,画画,,杭州,男
少侠,24岁,C# net core sql linux asp net angular6 0,吉他！！！！,我会的有的是皮毛，，但希望和朋友们相互学习,天津,保密
Cr,21岁,编程 做饭,英语 聊天 法律 周易,,上海市,男
苹果,24岁,尤克里里 做饭,吉他 韩语 ps 视频剪辑,,广州,女
reacts,保密,开车 办公软件 化工 家庭装修,吉他 粤语,"大学学的是化学工程与工艺专业.对于很多方面都可以互相切磋一下,欢迎咨询.",广州,男
申昜畅,25岁,英语 演讲 翻译 活动策划,柳体毛笔字,"Hi, there!",肇庆,保密
郭郭,26岁,ps(4年经验) dw(写简单代码) 英语六级 吃喝玩乐,炸鸡排汉堡 做奶茶 热饮冷饮 简单快餐,我会动脑  你会动手  我们合作一下岂不是双赢哈哈  欢迎来电交流技术层面的问题,河南郑州中原区,女
小海,32岁,法语,平面设计 CDR AI PS,想学平面设计相关的知识,东莞,女
登登登登登,24岁,西班牙语,画画,,上海,女
嫵媚,24岁,游泳,Ps,上班無聊想學學ps,杭州,女
Ben,30岁,英语,钢琴 做菜,,福州,男
橘子辉煌,22岁,消防技能 打绳结 电影安利 吉他上手,手账 （笔记）,请备注 谢谢,榆林,男
竺木音,22岁,心理学 文学皮毛,编程 围棋 拉丁语,谢谢~,聊城,女
七,20岁,广告分析,画画 ps,,深圳,保密
Elaine,24岁,日语N1 英语雅思7,日语 英语,"求水平相当的日语/英语语伴~
日语水平：日常简单交流，自由行无障碍，向business level努力
英语水平：business level
北京同城最佳，可以一起出来聊天玩耍同时练习w",北京,女
xuan磨叽,28岁,声乐 物理 it,考研英语,想学考研英语，拿得出手的技能大概就是声乐了。希望有合适技能的人，可以互换技能。,广州,女
小雨,17岁,魔方速拧,背书背单词背公式方法,,宁夏银川,男
馒馒,14岁,钢琴,乐理 做饭,,河南,女
Ivy,24岁,英语 做饭 二胡 乐理 举办活动 无锡话,游泳 PS IT,"无锡本地人，在欧洲留过学，所以无锡话和英语还不错。
加QQ请注明“ 技能交换 ”",无锡,女
明,保密,板绘 （日韩风）,写作 读书（一年读的书超过十本就OK啊） 其他感兴趣的也行,,成都,保密
邵三儿,26岁,公务员,古筝,,苏州,女
雪梨i,19岁,粤语 客家话 教育 聊天,日语 潮州话 心理学,,广州,保密
是你的小甜橙啊,18岁,高中数学 各种steam单机游戏联机 普通话,唱歌 画画 守望先锋 lol,,太原,女
may0617,保密,开车 篮球 足球 保险理赔业务,英语 日语 韩语,真诚交换！,嘉兴,男
碧海散人,保密,四六级剑桥商务英语雅思口语,英语口语PARTNER,本人有多年出国英语教学经验。,武汉,男
贺子tnt,保密,开玩笑 简单吉他技能,更高的吉他技能 飞镖技术,常常责问自己，学习了这么多年，好像进步的空间还很大嘛。你愿意和我共同进步么？,天津,男
生哥哥,32岁,游泳,羽毛球,,深圳,男
高兴,18岁,没有,啥都想学,,辽宁鞍山,女
小九,24岁,粤语 客家话 HR 剧荒安利,韩语 舞蹈 Ps Pr 其他好玩的也行啊,,广州,保密
apex,48岁,英语,健身,我是英语教师，希望能交道喜欢锻炼的朋友,北京,男
落余,18岁,做饭 ae cr au,日语 作曲 乐理,,益阳,男
青青草,保密,幼儿教育 针织,英语 企业管理,互相交流，互相学习，真诚期待，欢迎相约。,郑州,女
demi,22岁,漫画 js ps 口琴,日语 写作 所有自然科学相关,"很多方面都有接触，熟练程度不一……
HTML5/JS/C#/PS/PR/AE/CAD/3DSMAX/blender
日系画风/水彩/口琴
天文/物理/化学/生物方面都感兴趣
尤其想结识想一起做游戏的同志",北京,男
jjmp,23岁,韩语,ps ae,,广州,女
当爱成往事,36岁,羽毛球 摩托车 开车 足球 钓鱼,英语 做饭,,济南,男
kala,19岁,摄影 基础日语 硬笔书法,ps pr 绘画,,成都,女
专业老中医,21岁,ui设计,钢琴,,武汉,男
莫名,20岁,口语,吉他,,洛阳,保密
安燃,20岁,服装制版 一点点ps 服装cad,高数 考研相关,婉拒男孩子~,镇江,女
Pheathon,23岁,书法*篆刻*国画工笔写意入门*艺术史论不精通还行,英语*拖延症晚期解药*哲学讨论*拥有坚信方向的真诚的人,嘛。。不要乱加，真诚是第一要义。废话不回。,重庆,女
gsmaomao,保密,开车 法律 文学 历史 台球等运动,英语 日语 粤语 会计 网站设计,本人喜欢看书，&amp;nbsp; 交友，旅游，运动，性格开朗，活泼，为人真诚、希望能通过这个网站学到更多的东西，首先使自己的英语口语得到很好的锻炼与学习，愿结交真诚，善良，乐于助人的朋友们，谢谢您的帮助,深圳,男
MXBOOM,23岁,UI设计（APP设计 Ps Ai等设计软件）,英语 咖啡 甜点,,北京,女
小金,保密,网络营销推广 SEM 竞价 信息流 金融知识 股票 期货 外汇,花艺 甜点 ps 英语 行业交流都可以,,上海,女
lev,26岁,艾灸 按摩 拔罐,日语 什么都可以 聊天有营养就行,学习，交流,河南,女
不想起名字,20岁,写作（通讯稿等） 普通话二甲 英语六级（500分）中国传统文化英语,小语种 吉他 ps pr,不管怎么样，大家可以先交个朋友嘛~日后一起学习、进步,芜湖,女
lolliqi,保密,烹饪 化妆 形体,英语 游泳,我觉得这个技能交换网非常好，我会经常来这里看留言的，大家有什么话就尽管给我留言吧。真诚地期待能与大家互相学习，学到自己想学的知识。,武汉,女
文兄有话说,19岁,手工,英语口语,"Hi,there",广州,女
天中首席醉酒师,34岁,葡萄酒品鉴west三级,英语 摄影,葡萄酒无论作为一种饮品还是作为一种社交方式都越来越受欢迎！同时也具有养生保健和提升个人品味的功能！市场上红酒品牌很多，品质良莠不齐，跟我学习之后可以让你辨别真假红酒，只看外观就能有一个初步的判断，一口就能品出好坏！,郑州和驻马店,男
二月街,35岁,淘宝店铺 FLASH,平面设计,,合肥,男
念,16岁,做饭 数学,吉他 水彩画,,湖北恩施,女
网友A,19岁,普通话 北京话,粤语,业余娱乐学一下 不用太正式...,北京,女
哈哈哈一,27岁,会计 审计 法律,英语 韩语,,北京,女
KKKK,30岁,油画 水彩 料理 开车,GRE TOFEL,"Oil Painting MFA，Fine arts熟练掌握 美术史论一般  驾龄6年
计划申请博士中 不闲聊 
必须完整备考过GRE和TOFEL的同学来相互学习",沈阳,男
洋九,21岁,化妆 服饰搭配,滑板 日语 风水,"其他有趣的也可以交换啊
我会得不对
望见谅",内蒙古,保密
缘木求Y,20岁,基础日语,ps pr,,山东,女
肥猫,30岁,英语 电子游戏 射箭 游泳,绘画 钢琴 烹饪,,呼和浩特,保密
jie815,保密,广告设计平面设计很多,都可以,本人谢绝一切推销，愿大家平等真诚地互相交换技能。最近偶尔去 技能交换俱乐部 里玩玩，有空去找我吧。,杭州,男
如果你也听说/,24岁,唱歌 化妆 粤语,英语 吉他 好玩的也可以呀,,广东,女
殇,30岁,烹饪 写作 HR,英语,,福州,男
夏天,28岁,开车 英语 摄影 游泳,小提琴,,深圳,男
会飞的鱼,27岁,10年老司机,英语,如果你需要，我可以帮你。,东莞,男
沏茶子,18岁,漫画插画,书法 水彩画,(•౪• ),山东,女
hey hsia,20岁,英语专业,计算机相关 日语,就大家来交个朋友也行呀！,南宁,女
Jasmine,29岁,日语,健身 竹笛 琵琶 古筝 古琴,,浙江温州,保密
菲龙探云,27岁,编程,吉他 英语 日语,,无锡,男
小猪,30岁,Ps AE PR C4D 做饭 养狗狗,英语,,北京,男
tooop,27岁,区块链 比特币,新媒体运营,,杭州,男
小夏,24岁,英语口语入门（连读）,公务员面试 申论,,南充,女
神的孩子,25岁,唱歌 街舞 写作,和艺术相关的吧,,北京,男
柚子,25岁,区块链知识 数字货币交易 社区运营 新媒体运营,英语 商务外联 运营,,杭州,男
不起眼的星星,28岁,c++ c python c# java lua js web php 电脑常识 基本操作 office等,英语 音乐 数学 易经 算卦 追女孩,,苏州/上海,男
木,20岁,java基础,ps,,长沙,男
野望,24岁,ps 广告传播策划啥的,编程 设计 木工 其它,,广州,男
米基米,22岁,化妆 服装搭配,滑板,,重庆,保密
妮妮,保密,心理学 英语口语,梅花易数 八卦,"教你心理学核心课程
每天下午6点以后
视频教授
我是为了融会贯通我的知识，如果你想学就来。
当然，没有坚持度和执行力的就不要来了拒绝接收。",成都,女
认真学习,28岁,日语 公众号运营 考试,粤语 法语 电吉他 拉丁舞,,北京,保密
阿文不吃姜,16岁,钢琴,c++ 日语 油画,,河南商丘||开封,女
Kwong,28岁,英文 外贸 跨境电商 户外 健身,钢琴 乌克丽丽,,深圳,男
2598198,保密,开车 营销 游泳,英语 钢琴 吉他,本人谢绝一切推销，愿大家平等真诚地互相交换技能。最近偶尔去 技能交换俱乐部 里玩玩，有空去找我吧。,南宁,男
晓鹏,23岁,JavaEE 微服务 大数据 物联网,Unity3D或者游戏原画制作,精通java，只要是想学java后端都可以找我，我需要一个会Unity3D的朋友，一起进步实现彼此梦想，我可以义务教你达到15k薪资的水平，当然你的unity也要足够厉害，可以有计划带我飞,北京,男
zy,22岁,CAD制图 UG三维建模,python,,福州,男
申聚楽,22岁,无限脑洞 厚脸皮 躺尸 手工制作 养猫 会花钱 感兴趣的很会搜,各国语言 健身,需要很有责任心上进心聪明会凶人的人鞭策 救救肥宅,南京,女
心卓,34岁,编程,乐器（笛子）,,湖南长沙,男
天空,32岁,CAD 市政工程技术 一级建造师 二级建造师,市政路桥BIM,,珠海,男
天空,32岁,CAD 市政工程技术 一级建造师 二级建造师,市政路桥BIM,,珠海,男
哈牛君,28岁,一点点日语 一点点Q版 不算标准的普通话,什么都想学啊,,泉州,保密
万老师,50岁,国学教材教案 趣味教学,招生 推广策划,,上海,男
阿菜,28岁,粤语 人力资源 汉语言,日语 尤克里里,,广西南宁,男
宸月曦煜,保密,木吉他 电吉他,日语 小提琴 钢琴,,北京,男
孙艳春,32岁,PHOTOSHOP 历史 油画,CAD,,北京朝阳,女
琴酒,21岁,画画 平面设计,吉他 唱歌,,北京,女
韩冬,28岁,淘宝运营,美工,,江苏淮安涟水,男
本座是你的小可爱,22岁,英语 油画,尤克里里 吉他 编曲 混音,,西安,女
锅包肉,保密,英语 开车 法语韩语新入门 长笛 京剧,法语 韩语 视频剪辑,,广州,女
甜盐,19岁,英雄杀 三国杀 翻墙追星 简单的追星小技能 中文,PS 视频剪辑,提高追星技能 认真追星！,南京,女
Rose,保密,英语,Java编程和 服装设计,我对计算机和服装设计感兴趣，希望能通过交换，学到我想学习的技能，交到好的朋友。,天津,女
ker,21岁,马克笔针管笔手绘 AI矢量图 足球,视频剪辑 英语,,湖北省武汉市,女
释放美好,保密,炒股技能培训,兼职,,武汉,保密
yaoyao,25岁,声乐（唱歌） 钢琴,cg手绘 photoshop sai,"不闲聊。
专业一流音乐院校毕业。
钢琴， 流行通俗民族美声全会。
求学cg插画，人体衣服等等。有数位板。",北京,女
奥利奥,23岁,PS精通 音频 视频剪辑 AI 吉他 简单英文 粤语,平面设计 英语 粤语,,台州,男
Abigwig,23岁,会计初级培训 考研 英语四六级 做饭 收纳,内账会计实操 甜点烘焙 彩妆,想要多学习一些技能，可以丰富生活、工作,秦皇岛,女
Abigwig,23岁,会计初级培训 考研 英语四六级 做饭 收纳,内账会计实操 甜点烘焙 彩妆,想要多学习一些技能，可以丰富生活、工作,秦皇岛,女
金金,23岁,古筝 初级钢琴,基础办公软件 ppt 英语 AI ps,,安吉,女
阿珩,22岁,前端 化妆,尤克里里 电子琴 日语,,广州,女
抟抟,保密,ps 文案 公众号运营 基础的pr au,au lr ai pr 淘宝店铺运营,,杭州,保密
哈哈哈,18岁,英语数学LOL,吉他 篮球,,郑州白沙,男
Evient,29岁,PHP Linux Database 爬虫,英语 前端Vue 移动H5 前端敏捷开发,,东莞,男
罗碧成,保密,开车 金融,金融,我觉得吧学习技能分三个阶段，首选是找到合适的换客，然后呢就是线上交流，然后就是开始学习。,长沙,男
eson,28岁,股权投资 金融 英语 考研 做饭 dota2,有趣的都想学,,上海,男
鱼,29岁,英语 意大利语 粤语 做蛋糕,日语 公司法 税法等法律类,同城，男女不限,宁波,男
lemonsh,保密,开车 篮球 财务 客家话,计算机CAD机械制图,每天都在苦苦地等待那个和我交换机能的人，莫非我等的就是你。,上海,女
暗雷,20岁,小程序 Python PS AI HTML CSS 萨克斯 乐理 美声唱法,(编程)算法 画画 书法 PHP 视唱练耳,算法和PHP优先，希望能长期合作。,深圳,男
奔跑的卡车,35岁,乒乓球 分析问题 其他琐碎,PPT,,北京,男
饭团,21岁,英语口语 日语 西班牙语 粤语 音乐理论 唱歌 长笛 自律 健身,经济学 投资理财 心理学 面相学 自媒体推广 跆拳道 室内设计 探戈 撩汉哈哈哈,,深圳,保密
Clementine,18岁,俄语 西班牙语初级 计算机基础办公软件,西班牙语 德语 托福雅思 其他非热门语种 计算机软件程序 外贸运营 机械建筑等实用类都可以,希望可以一起学习交流，如果你学的是特别冷门的小语种也欢迎来找我哦——还比较想学习外贸或者理工科类的一些知识，只要实用就可以啦(｡･ω･｡)ﾉ♡,长春,女
yanshui,保密,不太清楚,英语 日语 法律,我觉得这个技能交换网非常好，我会经常来这里看留言的，大家有什么话就尽管给我留言吧。真诚地期待能与大家互相学习，学到自己想学的知识。,上海,女
福天子,保密,开车 3DMAX 但是没车,CAD 画画 电子商务 网络营销 网络推广,诚信心学习的Q我&amp;nbsp; &amp;nbsp; 不诚勿扰,西安,男
杜娃娃,31岁,法律 运动 书法,做饭,,杭州,男
小金,22岁,网络营销推广（竞价 SEM 信息流） 金融知识（股票 贵金属 外汇 期货 配资 都了解但是不操作 只沟通）,网店运营 ps 网站建设等都可以 注重沟通行业深入,,上海,女
喵miao,23岁,java c# html css 微信小程序 JavaScript jQuery,英语,,上海,女
你要,保密,驾驶 炒股 美发 打游戏机,炒股 找工作 发财,迷茫的男人,沈阳,男
匿名网友,保密,风水 命理 预测 塔罗 星座技术绝对高手,想学点设计或者找关于我这行的合作伙伴其他项目也可以,创业交流！！！共同致富！！！,武汉,男
Mall,25岁,Java开发 Android开发 Html JavaScript,英语,,北京,男
黑夜里的蓝,33岁,英语 公务员面试,钢琴,本人正经已婚男，英国留学硕士，长期从事口译工作，中央部委公务员并已工作10年，可以交换英语，公务员面试等。儿子4岁，现在正在学小汤2，希望学习钢琴，老师男女不限，北京四惠附近上门最好，视频交换也可以。,北京,男
会飞的单反,23岁,剪辑 特效 学习 第五人格 看电视 各类的玩 摄影 摄像 看小姐姐,不会的 感兴趣的都想学,想学的，倾囊相授,南京,男
鹿目圆,19岁,西语,德语发音规则,QAQ求求来个人教教我德语发音规则吧！只要发音规则就可以了！,广州,保密
柚子酱,19岁,日语,会话 ps,,南京,女
adong,保密,平面设计GRAPHISME 法语FRANÇAIS 漫画BANDESINER CARICAT 中文CHINESE 广东话CANTONESE,ORAL PINAO 法语FRANÇAIS 钢琴LE 英语ENGLISH,,北京,男
aimilo0,保密,开车 瑜伽 翻译 日语3 英语8,法语 网页制作 经济学 房屋设计,我觉得吧学习技能分三个阶段，首选是找到合适的换客，然后呢就是线上交流，然后就是开始学习。,怀化,女
少年,27岁,画画 手工 设计 平面 PS,视频剪辑,技能交换，学习认真的学霸,深圳,保密
sunshine,28岁,会计 做饭,形体 审美,,深圳,女
tori,保密,基础日语 普通话,做饭 书法 粤语 茶艺 超轻黏土,,北京,保密
ghr007,保密,宠物诊疗,日语,我觉得这个技能交换网非常好，我会经常来这里看留言的，大家有什么话就尽管给我留言吧。真诚地期待能与大家互相学习，学到自己想学的知识。,天津,女
Tony Stone,保密,工程学 管理学 心理学 行为学 教育学 哲学 文学创作 歌曲创作 软件（CAD Flash VBE Android Arduino Mixly overture） 英语4级 驾驶…… 骑车 登山 禅定 太极 五行 建造师 公司架构 方案策划,编程（算法） 人工智能（开发 应用） 视频制作 3D建模 装饰技巧 机电原理 机械原理 粤语 特色小吃 文化景点 游玩攻略……,相互学习，共同进步。,深圳,保密
莫小奈,22岁,bjd人偶制作 考学绘画 木雕,日语 英语,,无锡,女
Ajax,24岁,java 泡妞,算命 风水 易经,精通java开发  擅长泡妞  想学算命,无锡,保密
小果,24岁,java js html,算命 易经 风水,想学算命⊙▽⊙,无锡,男
少年你醒醒,26岁,汉语教学 编绳,日语 尤克里里 视频剪辑,很乐意分享技能结交朋友,西安,女
我爱穿拖孩,20岁,做饭 基础会计 滑板,ps 剪辑 平面设计,,贵州,女
joiee,20岁,西语（手把手教）,做甜点 水彩画 pr视频剪辑韩 语,,北京,女
vgod,保密,项目管理 思想 金融分析师 价值观 自控 创意创业 历史地理人文 兴趣导向教育 公司治理 核心竞争力,外语 友情 志同道合 一生的朋友,义：上面一滴水，下面合作的二个人......人,广州,男
xiaoyu01,保密,开车 古筝 PHOTOSHOP等平面图像软件,韩语 舞蹈 茶艺 网球等我不会的,想用自己会的交换想学的，更希望能交到兴趣相投的朋友,日照,女
ford,25岁,游泳,不会的都想学啊！！！,,上海,男
笑纹~,24岁,会开车 略懂健身,想学英语,,新沂,男
代军,24岁,西餐（五星级） 游泳（铁人三项 ）,油画,,北京,男
如初,20岁,游泳 定向越野,英语 日语,,武汉,女
吾心依然,保密,围棋 国象 英语阅读 python 驾驶 烹饪,数学 算法 tensorflow 英语口语,真诚交友，请备注skill.,深圳,男
飞飞,29岁,珠宝鉴定 市调方法 珠宝销售 执行力,珠宝设计,,南通,男
swqslqk,保密,开车 电脑维护 日语一级 SAP 足篮球,PS 编程 金融 网页设计,性格开朗大方，在世界500强任职,大连,男
大海,23岁,视频剪辑 英语 考研经验,尤克里里 滑板,,北京,女
一只学渣馨,18岁,好多好多,好多好多,,青岛,女
鼠子铲屎官,28岁,专利申请文件撰写 CAD visio 单车,化妆 别的我不会的,,成都,保密
莽夫-宁高文,28岁,英语 谷歌 管理,谷歌SEO 网站建设,"英语水平不错，厦门集美沙龙的英语角（辩论主题）主持人。
谷歌搜索能力还不错，会一些基础指令抓取资料。
年轻是任职管理职位，有自己的理解。

我想学习谷歌SEO，网站建设，希望来个靠谱互相学习。",厦门,男
Monshin,31岁,画画,吉他,,西安,男
二三七,24岁,硬笔 中性笔 PPT 英语 第五人格 逆水寒,视频剪辑,接受有偿单向教学，邮箱私发作品。,南京,女
胖哥,30岁,计算机编程,英语 厨师 开店,,武汉,男
天堂鸟,24岁,计算机硬件 网络 影视后期制作 羽毛球,吉他 钢琴 绘画,想学音乐或者美术。擅长计算机，喜欢聊天交友看电影。有没有小伙伴来结实。我在南京浦口高新区,南京,男
Erom,23岁,漫画 美术专业 SAI板绘 翻唱,服装制作相关,,湖北,男
Banneker,17岁,四川话 普通话 写文,相声 画画 粤语,务必找我玩…拜托,成都,女
琳哥,23岁,陶瓷绘画 机车一点点,强化英语 PS,不要乱加 加了就好好聊天 别讲些没营养的,景德镇,保密
Anthy_CD,保密,摄影 绘画 设计 键盘乐器,编程 前端开发,我是一个爱学习的人，真诚地期待有人可以和我互相学习。,北京,女
sece,保密,平面设计 素描 旅游 漫画 服装设计 油画,日语 粤语 足球 视频 主要一起玩,自娱自乐~我们一起玩~,北京,女
匿名网友,保密,法学本科 通过司考和期货从业 接触并不断熟悉期货 证券 银行 担保 投资 小贷 房地产等各金融行业,享受生活类 例如萨克斯和钢琴 经验交流类 例如各行各业,本科学的是法律，大三通过了期货从业资格考试，大四通过了国家司法考试，2011年应届毕业生，现工作在期货公司。之前大四实习的大半年时间接触和了解了期货、证券、银行、投资（外汇、黄金）、担保、小贷、房地产等各种投资渠道。&lt;br /&gt;,郑州,男
很开心,保密,市场营销 法学专业,舞蹈和形体训练 其他我认为对自己有用的,本人谢绝一切推销，愿大家平等真诚地互相交换技能。最近偶尔去 技能交换俱乐部 里玩玩，有空去找我吧。,长沙,男
allenhy,保密,法律在读法学博士,学术英文翻译,我觉得吧学习技能分三个阶段，首选是找到合适的换客，然后呢就是线上交流，然后就是开始学习。,上海,男
柚子,保密,围棋6D 旅游 美食 美妆,英语 英语口语,,上海,保密
Jasmine,23岁,法语 汉语 摄影修图,英语 小提琴 钢琴 日料 西点,,Montréal,女
月,24岁,瑜伽 粤语,游泳 英语 一切感兴趣的,,深圳,女
王俊凯,18岁,美容 汉语,美容 拍照 做蛋糕 学英语 做饭,欢迎交流，我很喜欢学习,呼和浩特,女
石头三代,33岁,销售 管理,心理学 销售 管理 医学知识,5年药品一线最佳实践，4年地区级别团队管理，希望学习心理学和销售管理,武汉 宜昌 荆州,男
阿墨MO,22岁,汉语 羽毛球,英语,,上海,保密
源宇,24岁,影视制作PR AE 栏目包装,百度竞价 写创意 推广,,长沙,男
红豆糕,24岁,PS修图 设计,初级会计 前端设计,,深圳,保密
面面,29岁,十字绣 口金包 会计 开车,古筝 韩语 英语,,威海,保密
Eden,20岁,英语 英国商科毕业,日式漫画／插画数码绘画,加q请说明来路否则会被我当成广告推销拒绝掉。教学无固定时段，随时问，有空答那种,北京,保密
深渊漫步者,26岁,金融操盘手 跳绳 摄影,美容 护肤,"一个比较养生 爱美的男孩.   喜欢护肤 美容行业. 自己无法给自己做护肤美容. （美容店那种）自己有一些皮肤清理护肤的一些产品. 希望可以有个女生可以教一教.  

我会摄影佳能60D.   喜欢跳绳.（因为不伤膝盖）  可以打羽毛球（初级）
金融行业的分析，可以教一些外汇，期货 股票技术.",上海,男
A子,21岁,中文 日语 古筝 中国舞 表演,德语 英语 乐理 风水玄学 口琴,,南京,保密
蜜柑星,21岁,日语N1 戏剧影视表演 中国舞十级(民族民间古典现代) 古筝八级 台词分析及普通话 声乐发声,乐理 德语 英语 法语 拉丁语 希腊语 口琴 编织绳结 风水玄学 看相 足球专业知识 PS,看我一眼！我超爱学习的！,南京,女
san,23岁,DJ 装逼,Ps Pr,,武汉,男
一颗鸭梨,保密,英语专八,日语 PS 画画 水彩 任何能学的,,上海,女
nyanyanya,25岁,葡萄牙语 英语 八字算命 紫微斗数 六爻占卜,爬虫 python数据分析,,london,女
家里有一匹黑马,22岁,摄影后期 PS修图 CDR绘制 男装服装设计 游泳,英语口语 吉他,,中山,男
hardline,保密,ps fl ae ai [基本Adobe软件都会] VOCALOID fl studio 钢琴七级[能教你到四级] 板绘cg 画画 古近代哲学 演讲,c phton Java 绘画交流 哲学人生 如何入坑二次元 平面设计 前端ui 区块链 人工智能 英语,"会的不多没事,路上人多少分享下经验,给未上路的人都有很大帮助,瞎聊也可以O(∩_∩)O哈哈~",天津,男
cloux,保密,室内设计 CG 各类设计辅助软件 传统美术绘画 概念设计,英语,本人具有比较扎实的  室内设计，CG绘图（数码绘画），photoshop，CAD，Coreldraw等各类设计辅助软件，传统美术绘画（素描色彩）以及概念设计的技能，希望交换  英语（本人英语土鳖，约等于0基础）,福州,男
zxlt,33岁,游戏原画插画,修电脑 网络知识,学无止境,天津,男
匿名网友,保密,我会修摩托车,想学电工知识,我很会修发电机哦.想修的来找我哦.,深圳,男
CC,29岁,卖奶粉的,日语口语,,芜湖,保密
yurenzj,保密,开车 健身 体育训练 跳操,英语口语,我是一名健身教练，工作经验有10年，现在在做培训工作。,北京,男
ZHHOU,18岁,普通话（汉语） 高中英语,毛笔字 画画,不管怎么样 都希望能交个朋友或笔友,绵阳,女
lee,21岁,葡萄牙语,找男朋友,我是男生，攻，找一个男朋友,北京,男
小贤,26岁,粤语 羽毛球 乒乓球 台球 驾驶,行业技能 游泳 烹饪,,广州,男
小苏,26岁,羽毛球（比较专业） 乒乓球 粤语 台球,语言 游泳 工作技能 单身,本人广州本地人，26岁，平常喜欢学习各种技能，喜欢交友，如果是想技能交换学习的，或者想交友的，都可以加我微信和QQ，互相学习、交流,广州,男
山竹,27岁,写作 商务 自媒体推广 游戏策划,日语,,上海,保密
家铭,23岁,除了生孩子都会,英语,看缘分,深圳,男
老N,27岁,室内设计 CAD,摄影,,福州,男
全全,2岁,声乐 音乐基本素养课程 意大利语,网球 油画 韩语,,长沙,女
圈圈2,保密,烹饪 音乐唱歌,意大利语,,长沙,保密
小小樱,28岁,韩语 化妆 穿衣搭配,英语 日语 羽毛球 游泳 PS等,本人母语是韩语，发音跟首尔人一样，在韩国工作了三年时候，也做过几次韩语家教，本人想学运动技能，比如羽毛球，网球，游泳，健身等，也想学烹饪，PS，绘画等，非常勿扰，谢谢。,上海,女
逍遥狂子,保密,网球游泳,日语韩语计算机组装,我是上海师范大学体育学院的研究生，本科毕业与体育专业院校，专项网球，大学期间参加过多次正规网球比赛，并且在网球学校做了半年兼职教练，精通蛙泳、自由泳，并爱好健身交友，学习网球、游泳的朋友联系我,上海,男
IT小白,28岁,基于IOS平台手机APP开发,java Html PHP python UI,,成都郫都区,男
Lisbon,19岁,中文 英语,西班牙语和日语,,长沙市,女
由夏至秋,30岁,吉他,唱歌,希望结识声乐专业的女性朋友~,太原,保密
mwmw,保密,开车 网球 等 专业健身指导,英文 英文口语 理财知识 不拒绝学习,生活充满乐趣，就像大地洒满阳光，积极乐观的面对一切，一切就会是美好的！,北京,男
拉菲,保密,唱歌（流行） 养猫 游泳 羽毛球 梅菜扣肉 写小说 吃,架子鼓 中医 日语 韩语,我做的梅菜扣肉可好吃了！,重庆,女
Tim少,30岁,钢琴 魔术 烹饪 开车 上海话,日语 周易风水 英语,,上海,男
默,25岁,外汇 金融投资,烹饪,,上海,男
blanca,24岁,西班牙语,英语 日语 吉他,,浙江,保密
Bo you,28岁,C#,英语,,上海,男
张婉钰,22岁,电脑绘画 基本的ps bjd化妆,唱歌 摄影,,郑州,保密
Tim少,30岁,钢琴 魔术 烹饪 驾驶 游泳 上海话,风水 英语 日语,,上海,保密
紫藤架下,40岁,英语,ppt,希望能在杭州找到会做PPT的朋友，我可以交英文，目前正在学习日语，和绘画，如果你也有信息，我们可以一起学。,杭州,女
没昵称,31岁,小儿推拿 太极拳,设计 动画制作 箫 木匠手艺,,苏州,男
红雀,24岁,ps sai 绘画,吉他 日语 AE,随缘。,北京,保密
持戒,80岁,注册会计师 上市公司专业财务 税务 法律,英语 白话 网球技术（自己有基础了）,最好是80后或者往前的，年级大了还是喜欢跟大叔阿姨相处,深圳,男
紫虫紫,31岁,装系统,照相,,武汉,男
鑫鑫,32岁,中文 跟单 展会 文秘,英语口语,希望通过网站能找到志同道合的朋友，大家一起学习进步！,杭州,保密
leon,19岁,日语 ps人像后期 摄影 dota2 彩虹六号,lr调色 人像精修 matlab,,桂林,男
诗意的彳亍,33岁,linux 数据库 云计算,高数 线代,,长春,男
suki,26岁,尤克里里,英语,,上海,女
太阳,19岁,英语 餐饮招待细节,乐器 西班牙语,我想要学习乐器，西班牙语，希望有人可以教我。谢谢,上海,女
小叮当,18岁,画东西 忍受孤独 安慰人,英语 数学,,珠海,女
7,26岁,编程 类树莓派 原型设计,设计或者音乐方面的,NULL,北京,男
FinalGirl,19岁,葡萄牙语 一点点剪辑基础,板绘（有一点基础） 日语,互相监督的画友也行呀,广州,女
GontDe,16岁,粤语 摄影 汇总 翻墙,韩语 英语 视频剪辑 ps,要会韩语的小姐姐 小哥哥 最好是考过TOPIK的 英语的能流畅交流就可以拉 最好是每天都可以语音聊天 用外语 然后是视频剪辑 和ps,广州,保密
Charlene,20岁,吉他 唱歌 化妆 英语,日语 Pr Matlab,,南京/西安,女
星星交响乐,25岁,Excel power_BI 粤语,python Excel,,广州,男
干,16岁,日语 英语 绘画 素描,韩语,真的想学韩语ㅠㅠ自己有一点韩语基础但自学真的太难了,香港,保密
JaseQSong,18岁,唱歌 乐理 画画 化妆 打游戏 斗地主,英语 或者你们有啥我不会的都可以,,成都,女
马甲线,30岁,瑜伽 形体训练,瑜伽英语 英语,"我在深圳宝安72区兴东地铁，有场地学习英语和瑜伽
场地地一兴东c 出口
场地2宝安石岩创维工业园",深圳,女
嘛嘛嘛腾飞,26岁,陈列（可提供实操机会） 部分PS（有教程） 做饭,尤克里里 摄影 速写 化妆很多我都感兴趣,,杭州,男
Mruko,19岁,咸鱼,sai ps 画画,咸鱼瘫……_(:з」∠)_,成都,女
ankia,保密,JAVA 客家话 SQL 重庆话 NODEJS,英语 日语 烹饪 按摩 养生 ERP管理,相识一种缘分，希望能与有缘的你一起学习共同进步。,广州,男
雨梦,保密,广告设计 下棋 照片处理 绘画（素描 色彩） 杂志设计,英语 写作 营销,目前从事新闻媒体工作。积极、健康、向上！,长沙,女
謝大川,19岁,漂移板 排球 跑酷 网恋 做酒糟 一切你想学的我都可以陪你 折玫瑰 手语 摩斯密码,没有特别想学的 你们有什么想学的可以叫上我一起,,莆田,男
y,23岁,游戏 架子鼓 ukulele,pr ae ps 新媒体运营,,杭州,保密
sato,25岁,闽南语 拔罐 刮痧 针灸会点皮毛,日语 吉他 说话技巧 等等等等,其实是个废，什么都想学！,厦门,女
天际,33岁,室内设计 绘画 民谣弹唱 滑板 摄影 开车,英语,,合肥,男
狂奔,保密,开车 挖掘机,日语 计算机 摄影,常常责问自己，学习了这么多年，好像进步的空间还很大嘛。你愿意和我共同进步么？,威海,男
只会吹牛皮,21岁,原守望先锋500强 烹饪 单簧管 吹牛皮,俄语 日语,三人行必有我师焉,长春市,男
肉球球,保密,3DMAX动画制作,英语 画画,,上海,保密
NZtank,保密,开车 市场营销 修车 汽车改装 简单粤语,英语 德语 营销交流,我觉得这个技能交换网非常好，我会经常来这里看留言的，大家有什么话就尽管给我留言吧。真诚地期待能与大家互相学习，学到自己想学的知识。,上海,男
雨过天晴,27岁,日语（专业）,钢琴,本人日语商务水平，目前在高校任教。诚心想学钢琴，免费教日语。,广东省韶关市武江区,男
马克西姆,24岁,英语,瑜伽 PS 古筝,我喜欢学习新的知识，技能。如果想和我交换，那么就请一起认真学习，共同成长,湖州,女
几角,21岁,英语 做DIY玩具 织围巾 第六感准 快速分析别人的性格,韩语 西班牙语 尤克里里,,浙江,保密
大海,30岁,中医 推拿 按摩 颈肩腰腿痛 耳穴疗法 常见病诊疗 私人医生 道家功法,电脑会计做账 报税,健康无价！,深圳,保密
tanzhi,22岁,简单的易经算卦 英语四六级,雅思 塔罗牌,,北京,女
mydy,30岁,IT使用与维护 企业管理 运营,英语或外贸,,广州,男
吱吱,19岁,阅读 记录 绘画 倾听,PS 交流,/想分享 想倾听 想学会,广东,女
大淳sz,保密,开车 法律 财务分析,粤语 羽毛球,常常责问自己，学习了这么多年，好像进步的空间还很大嘛。你愿意和我共同进步么？,深圳,男
略你妹平,保密,公众号运营 深圳校园市场 交流,八字 或其他预测,懂八字或者其他的交流 总会有你想要的,深圳,男
阿拉斯加牛虫,24岁,钢琴 英语 软件质保,日语 小程序编程,小程序编程优先,厦门,女
59986387,保密,开车 计算机应用 NET,英语 跟烧饭,我是一个爱学习的人，真诚地期待有人可以和我互相学习。,南京,男
快快快乐,保密,不太清楚,很多,每天都在苦苦地等待那个和我交换机能的人，莫非我等的就是你。,上海,女
ccwjy,保密,开车 瑜伽 健身 聊天,别的也都可以 美容芳疗感兴趣,常常责问自己，学习了这么多年，好像进步的空间还很大嘛。你愿意和我共同进步么？,南京,男
小武,27岁,ps 平面设计 网站前端开发 网页设计师 照片PS,化妆 台球 街舞 摄影,我是公司职员，周末有时间,大连,女
布啦布啦布啦,20岁,P图 王者荣耀 唠嗑 简单粤语 游泳,英语口语 日语口语 撩汉 什么都想学一下,加的时候备注来意,上海,女
JIANPIN,28岁,国画 油画 版画 水彩 书法 ps ui 概念影视绘画 剪辑 非商业摄影  诗歌 哲学,英语 法语,静候佳音,北京,男
10点14,保密,上海话 计算机VB 一点点吉他,什么都可以,我觉得吧学习技能分三个阶段，首选是找到合适的换客，然后呢就是线上交流，然后就是开始学习。,上海,男
天堂u孤,保密,不太懂,很多 只要你会的 交个朋友了,我是一个爱学习的人，真诚地期待有人可以和我互相学习。,北京,女
沫娇涵,20岁,钢琴 尤克里里 声乐 播音主持 配音 普通话 自学日语ing,即兴伴奏 英语 日语 我不会的都想试试看~,性格很好~很有耐心~所以放心的来交换技能吧~！,安徽,女
laoniu,保密,开车 钓鱼,股票 理财 和一切我不会的,本人没什么特长&amp;nbsp; 希望能和大家交流一下学习学习,青岛,男
懿轩,24岁,平面设计 活动策划,小提琴,想学小提琴主要是想拉一些自己喜欢的音乐,重庆,男
小明砸,23岁,html css js ionic angularjs vue,ps angular php,注明来意哦,深圳,保密
匿名网友,保密,PS-CDR-FH-AI-LR-HDRR-HDRD-3D 会那么点 还有设计理念和整合等！,只要能教到我觉得有用的即可！,只要能教到我觉得有用的即可！,广州,男
匿名网友,保密,风水 八字 六爻,开设网店的各类技巧,只需要开设网店的各类技巧，急需这方面的补课！,沈阳,男
北京刚子,保密,日语 驾驶 吉他 桌球,找项目或者交换经商经验,我的爱好挺多的，但都算不上精通，但绝对是个好老师。真诚寻找志趣相同的朋友一起探讨学习交流。欢迎加我qq，请注明技能交换！呵呵,北京,男
mioiol,21岁,法语 钩编,油画 日语,,里昂,女
豆花,25岁,英语 编剧 基础板绘,吉他 高级板绘 跳舞,,长春,保密
乌鸦坐飞机,23岁,证券 会计 桌游,英语 商业 尬聊,,上海 金山,男
Noliebe,19岁,PhotoShop Html5+Css3 SQL基础 JS PHP 吉他 另外TypeScript入门 C++入门,素描 UI设计 英语,,山东,男
圆扣子,26岁,养狗 PPT,SPSS 统计分析 打游戏,,北京,保密
GemRus,保密,上海话 fgo C++基础 彩妆基础,流行音乐演唱技巧 音乐鉴赏,,上海,保密
没啥,22岁,画画,规律作息 学习,想要有一个能互报晚安 学习时间的人,江苏,保密
w,23岁,阿根廷探戈 做菜 中文 电影推荐,法语 各种舞蹈 烘焙 料理,,广州,保密
damotou,保密,驾驶 吉他 摄影 普通话 唱歌 乒乓球 台球 做饭 瑜伽 聊天 跑步 北京话 看书 郊游 写文章 佛教 浪漫 简谱,英语口语 旅游英语,长的很酷的北京男人 13146625480,北京,男
小染,18岁,游泳 聊天 轮滑 基础英语,面对面比自己大的人的聊天方式,如果可以就拜托啦，谢谢,四川,男
danile,保密,上海话 销售 公关 人际关系 游泳 台球,日语 法语 好的项目（能赚钱的都可以）,热爱生活，幽默风趣，沉着稳重，睿智豁达，常说在一句话，就说在一句话：星星之火，可以燎原，相逢何必曾相识。一切皆有可能。,上海,男
aoi,28岁,日语,英语 法语,,北京,保密
smartni,保密,上海话粤语桌球,英语很多,每天都在苦苦地等待那个和我交换机能的人，莫非我等的就是你。,上海,男
baixue6805,保密,建站 SEO 网页设计 平面设计 文案,专业美容美体技能,您好。我精通动态网站前后台开发、网络推广、文案策划。,北京,男
Woods,27岁,网页设计 程序开发 象棋 羽毛球,绘画,,北京,男
包皮的心,28岁,画画 陪伴,按摩,,杭州,男
傻傻,21岁,化妆,钢琴,,海口,女
学习，我们是认真的,26岁,书法 箫 电脑维修,聊天也可以 安卓 android 物联网,,江苏,保密
兔八哥,24岁,唱歌 做饭 excel ppt 游泳 健身 古典吉他初级,吉他 或其他艺术相关的技能,术业有专攻，真诚希望能借助平台进行交流学习，补己之短，也希望能对别人有所帮助,北京,保密
匿名网友,保密,本人会双节棍（精通） 刻章 剪纸（精通） 绘画 开网店 交换 电脑绘画设计 作图 联系方式 &lt SPAN STYLE=&quot FONT-SIZE 20PX FONT-WEIGHT BOLD&quot &gt 13718609376&lt  SPAN&gt (北京),本人会双节棍（精通） 刻章 剪纸（精通） 绘画 开网店 交换 电脑绘画设计 作图 联系方式 &lt SPAN STYLE=&quot FONT-SIZE 20PX FONT-WEIGHT BOLD&quot &gt 13718609376&lt  SPAN&gt (北京),"朝阳,十八里店",北京,保密
aftiii,保密,开车 软件开发 周易 滑翔伞,瑜伽 中医 太极拳 交谊舞,常常责问自己，学习了这么多年，好像进步的空间还很大嘛。你愿意和我共同进步么？,济南,男
晚,保密,游泳 规划行程 粤语 对香港比较熟悉,任何乐器 摄影 金融投资类都可以,,深圳,女
llc1989,保密,开车 北京话 DOTA,钢琴 唱歌 台球 洗牌 除北京话外的任何语言,"我21岁,年龄差太多的没共同语言",北京,男
来自天空,保密,吉他 唱歌 写作 心理辅导,架子鼓 了解北京 跳舞（街舞不要）,&amp;nbsp; 用真心去脚换他人的真心，用雕虫小技交换各位的技能,宁德,男
umikaze,19岁,粤语,日语,,上海,保密
老透明,21岁,国际象棋 机械设计基础 Arduino开发,日语 摄影 摄像,,上海,保密
述,23岁,画画 板绘 水彩 做家常菜 转发抽奖从来不中 十连单抽全都坠机,漫画脚本 塔罗 其他也行呀！,,月亮,保密
干炒牛河,62岁,象棋 剧评 吐槽 百科,游泳舞蹈,够老师水平是肯定的，想交换一下其他技能，对象为大学本科以上或有很强技能，象棋可以从零开始授课！,平行宇宙,保密
Jyo,29岁,日语 服装设计 服装打板 PS Ai,日常英语 商务英语,,东京,男
木木,保密,开车 西餐 养观赏鱼,吉他 电脑 街舞,我是一个爱学习的人，真诚地期待有人可以和我互相学习。,郑州,女
有风南来,21岁,电影 电视剧 考研 综艺资源搜索,英语口语,,郑州,女
杜娃娃,31岁,法律,财务,,杭州,男
HANG88,36岁,电脑维修&amp 网络 软硬件OK 外汇 黄金投资 股票,真诚想学 烧烤 西点 面包 蛋糕等技术,,北京,男
chanmy,保密,中文 小学语文教师资格证考试 减肥经验 唠嗑,英语 韩语 撒子都愿意学就是想充实自己,加的时候备注一下,湖南湘潭,保密
super jay,25岁,编曲 录音 音乐制作 影视声音制作,吉他 流行键盘 架子鼓 贝斯 PS 滑板 男性穿搭,我在北京有录音棚  觉得自己技能比较单一  想学点别的,北京,男
Crazyexe,保密,开车 诗词 职场技巧 资深HR技能 面霸技能,英语 游泳 财务 黑客 产品策划 市场 洞箫,常常责问自己，学习了这么多年，好像进步的空间还很大嘛。你愿意和我共同进步么？,广州,男
独木舟,19岁,法语 韩语 粤语 闽南语 书法,摄影 观星 天文 拍摄,,巴黎,女
茕茕,23岁,橡皮章 热缩片 化妆品护肤品安利,ps 视频剪辑,,北京,女
小小樱,28岁,韩语,英语,,上海,女
王,23岁,修电脑 装系统,PS 淘宝美工,,浙江温州,男
kk,保密,化妆造型 简餐 日语N2 手工,英语 绘画 日语,,江苏,保密
三水,23岁,做甜点 养宠物,在创业想学怎么做宣传,,武汉,女
柚子酱,19岁,日语,画画（速写 漫画）,求小伙伴一起学习一起进步，学无止境啊啊啊啊啊,南京,女
兰斯,28岁,日语 写作（传统文学） 社会心理学 力量举 电脑维修,格斗 拳击 柔术 舞蹈 钢琴 游泳,"所在城市杭州萧山，力量举与街健爱好者。兴趣是冒险与收集贝壳。有同城的五子棋（连珠）爱好者也请联系我，我比较喜欢线下对弈。
力量举与街健爱好者欢迎交流，我曾从事教练工作，在运动生理学、训练学、营养学上，有一定知识储备。但对体态纠正、运动损伤与康复则不擅长。
对格斗，尤其是柔术比较感兴趣。
微信aynj123，加微信请务必注明暗号：“注意那条缝儿”。因为并不是太喜欢交朋友，没有暗号很可能难以通过验证。",杭州,男
Phoebe,22岁,PR剪片基础 英语 旅游攻略,抽象代数 数学分析 实分析 拓扑学,,厦门,女
鹿游原,保密,编程 吃鸡 摄影 钢琴中级 篮球,LR 英语口语 唱歌 护肤,真诚互助，随意者勿扰,南昌,男
糯糯,29岁,精通PPT Excel 数据可视化 书法 商业分析 倾听和提问,英语口语 公开演讲或表达,,上海,女
Cocolulu,26岁,俄语 英语 烹饪,画画 跳舞 吉他 ps,,杭州,女
小艺,保密,财务 金融 养生 心理辅导 小说多,公众号 漫画剧本 脚本 视频剪辑 ps,,山东,保密
花子喵喵喵,20岁,写小说 探讨脑洞 Pr剪视频基础 广播剧后期,化妆 AE 手绘 网页设计制作 写作方面欢迎大神勾搭我,,合肥,女
莫白,保密,古筝 穿搭 化妆护肤 交流和倾听技巧 开车 修理小东西 一点点缝纫 手工 西装 基础英语 中国文学,英语 意大利语 法语 德语 各种语言 留学,请加上要学什么和会什么，我不会的都想学一下,上海,保密
qwerhanss,保密,吉他 PHOTOSHOP 轮滑 网站,英语,我是一个爱学习的人，真诚地期待有人可以和我互相学习。,武汉,男
小红红红,20岁,魔方 轮滑 手工 养仓鼠 四川话 英语 C语言 瑜伽 拉丁舞 唱歌,英语口语练习 Unity,这里一只计算机大二学生，第二专业英语。男神抖森。爱好广泛。主要想找（有一定基础的）小伙伴练习英语口语，是native speaker就更好啦。,武汉,女
我才八岁,18岁,倾听你的想法 长沙话 监督你做事情,人生啊太多想学的了 只要你用心交 我绝对会学,还在成长  希望变好,长沙,保密
匿名网友,保密,语言联系方式 &lt SPAN STYLE=&quot FONT-SIZE 20PX FONT-WEIGHT BOLD&quot &gt 15818507205&lt  SPAN&gt (深圳),语言联系方式 &lt SPAN STYLE=&quot FONT-SIZE 20PX FONT-WEIGHT BOLD&quot &gt 15818507205&lt  SPAN&gt (深圳),南山,深圳,保密
半支烟,保密,开车 计算机基础 营销学,日常英语 可以支付佣金,想学习日常英语（可以支付佣金）,西安,男
紫紫,0岁,绘画 钢琴（现在可能只会识谱）,绘画 英语 各种感兴趣的东西,,浙江,女
lele1314,保密,开车 网站制作,PS 平面设计,活泼开朗，喜欢交朋友！,深圳,男
youyan,30岁,日语 韩语 英语 财务,数学 统计,,tokyo,女
reliudao,保密,开公司和业务 健身 简单网业制作 电脑,网业制作 CAD设计,在苏州吴中区石湖东路，29岁，,苏州,男
谷中玉,保密,小提琴3年 黑管初步 炒股12年（选股及买卖点） 萨克斯,小提琴 太极拳 萨克斯 黑管,北京人，家住朝阳10号地铁和13号城铁站附近；北京毕业分配在南方工作20年，曾是工程师、厂长、经理，回京20年提前“病退”炒股为业，业余打打太极拳（有4年了）、玩乐器、喜欢音乐、旅游、游泳、爬山。愿与有缘的交友、互相学习。回信：swncg@sina.com 或qq:617036540,北京,男
红儿,保密,一起提高英语口语,一起提高英语口语,每天都在苦苦地等待那个和我交换机能的人，莫非我等的就是你。,北京,女
moya,22岁,计算机 聊天 什么都感兴趣,什么都想学,什么都很感兴趣,天津,女
Kaii,22岁,日语n1留学一年 粤语,古筝,,东莞,女
dorithy,0岁,粤菜 C++ 找电影资源 画画 粤语,英语口语 摄影 我不会的都可以？,,广州,女
加菲,保密,财务 金融 游泳 养生 心理辅导,公众号 视频剪辑 漫画脚本 ps,,山东,保密
AILYMC,保密,太极拳 太极气功 中医 养生 医生,管理 创业 你会的（非诚勿扰）,本人是一名医生，懂中医养生，亚健康的调理，后又学习了洪均生陈氏太极拳。真心想学一些知识，非诚勿扰！,济南,保密
郭郭,26岁,ps （4年经验）dw,炸汉堡 鸡排 奶茶 饮料,我想学个体力活  假如你想学习技术活 那我们交流一下啊  限郑州范围,河南,女
蚊子彬彬,保密,开网店 SEO 网站运营,PHP 计算机英语 DIV+CSS,我觉得这个技能交换网非常好，我会经常来这里看留言的，大家有什么话就尽管给我留言吧。真诚地期待能与大家互相学习，学到自己想学的知识。,武汉,男
白露。,18岁,书法 唠嗑,画画 专注,,浙江,保密
lee,38岁,开车 日语一般口语,健身,大家好！你我互相学习，共进步！,天津,男
雷神托尔,19岁,英语 古筝 一丢丢日语 上海话,高级日语 绘画 ps 视频剪辑 什么有用的都行,,伦敦 不过马上回上海,女
软软,保密,剪辑 CAD 陪聊,粤语 日语 绘画,,天津,女
啦啦啦,17岁,电脑配置 理论物理 宇宙学与量子力学 相对论等入门,古典音乐鉴赏 编曲,"我知道一些关于理论物理等的入门知识、可以生动讲解。帮助你理解一些你看不懂的（比如时间简史、平行宇宙、三体）之类的书或电影
然后自学电脑配置装机专业知识2年，经常与电脑城的人士交流。有1500条以上的咨询记录（混迹于IT问答网站），中关村在线电脑配置见习专家。我可以写电脑配置单、或者电脑硬件的选购建议。

我希望了解一点古典音乐的编曲、乐谱等知识",江苏常州,男
wuchubo,保密,开车 维修电,白话 任何有用的技术,本人谢绝一切推销，愿大家平等真诚地互相交换技能。最近偶尔去 技能交换俱乐部 里玩玩，有空去找我吧。,深圳,男
沐夏,27岁,策划 市场活动 追星,聊天 绘画 手作,喜欢一切新事物,西安,女
飒飒,20岁,倾听 不熬夜 一点儿绘画 写读书笔记 粤语 喜欢你,PS 做饭 化妆 交流 沟通 爱,喜欢你 想学会爱一个人的技能 阅历不够 倾听却是极会的 我能倾听 你能倾听我吗 。,广东,女
卿莫珏歌,18岁,化学 粤语,德语 服装搭配,,广州,女
swtpig,28岁,英语 旅游行程规划 活动组织,日语 尤克里里,,上海,保密
Pipi,18岁,绘画 ps,英语,,合肥,女
逸飞扬,31岁,绘画 漫画 设计 地产策划 体育 健身等,音乐 做饭,大家可以相互交流学习，提升自己，提升技能，丰富自己精彩生活。有你生活更精彩！,西安,男
水仙,22岁,编剧 导演 写作 视听语言（电影分析）ps 平面设计 箜篌 人像后期,书法 绘画,"导演专业，我可以教您如何分析电影。
在职编剧，教您写剧本写小说。
平面设计，教您美学理论和排版知识等。
PS的软件操作、人像修图、产品精修和图片合成。
如果您自备箜篌，我们可以远程教学。
如果您有意图交换技能，请联系我的游戏，请附上您的书法和绘画作品，谢谢～",北京,女
hanjinxu,保密,开车 手机 通信 土方工程,摄影制作,我觉得吧学习技能分三个阶段，首选是找到合适的换客，然后呢就是线上交流，然后就是开始学习。,南宁,男
嗷呜,保密,钢琴 游泳 不熬夜 手帐,绘画 空间设计,,北京,保密
小璇,22岁,视频剪辑 小提琴 新媒体营销,一切乐器 大提琴 小提琴 钢琴 架子鼓,,北京,保密
小白,23岁,踢足球 搏击 游泳 健身塑性 做标书 调酒,招标 调酒,"1.踢足球、2.搏击、3.游泳、4.健身塑性、5.做标书、6.调酒

以上是本人所掌握的技能

希望彼此用最短的时间呈现最大价值的干货，共同成长。学无止境，活到老学到老，学海无涯。我要成为一个艺无涯的美男子！",河南洛阳,男
Donna,28岁,物理 python 数据分析 英语 IDL,法语 乐器 DeepLearning,,Lawrence,保密
生生不息,35岁,健身 架子鼓 计算机编程（C#） 量化投资,英语（口语）,我想找个英语口语好的人，提高一下口语水平；我可以教您打鼓（专业级）、健身（专家级）、投资（专家级）；最好大家都在北京，我现在在大兴这边，工作较忙，时间不多，希望大家能离得近一些；我不是来吊马子的，男女都ok，只要您英语口语非常好就ok！wating 4 u!,北京,男
biubiu～,26岁,画画 手工 轮滑,舞板,,河北保定,女
匿名网友,保密,驾驶 缝纫 对服装和鞋子也略懂,导游 服装的规格 打版 和裁剪,能有实践的经验更好!,福州,男
蛋黄玩家biu,20岁,化妆,英语 健身,,南京,女
blanking,22岁,对美的执着（搭衣服 改造人）基础经济学 基础英语（留学生）基础化妆（女生都会的那种）护肤 开车 羽毛球 社交技巧 养猫养狗,各种技能 只要你交我都学,,武汉,女
Max,23岁,英语,做小生意,最近打算从医院辞职了，想开个小店，希望有经验的小伙伴指教下,成都,女
薇薇,22岁,潮汕话 一丢粤语 煲汤 美声唱法,小提琴,想学小提琴，我是搞真的！上海同城教。,上海,女
匿名网友,保密,跆拳道 柔道 开车 做小生意,做披萨 做蛋糕 架子鼓 钢琴,真诚交友 交换技能...我自己有车.虽然车不好.但可以教会你..最好找此机会认识个可以相处一辈子的女孩子..,长沙,男
晨。,20岁,英语,韩语,,广州,保密
65557312,保密,平面设计卡通绘画健身,我不会的都可以,我觉得这个技能交换网非常好，我会经常来这里看留言的，大家有什么话就尽管给我留言吧。真诚地期待能与大家互相学习，学到自己想学的知识。,北京,男
白琅,22岁,粤语 日语,古琴,广东人，日语专八，水平一般，入门级还是可以教的。正在攒钱准备毕业后学古琴。小城市能学古琴的地方太少，希望能有前辈指点一下入门，谢谢。,中山,女
fang,26岁,中文 桂林话,日语 英语,试一试哈哈,桂林,保密
David大伟,25岁,开车 英语 留学事项,PS 除吉他外的乐器,,北京,男
judy,22岁,资源 MATLAB SIMULINK等软件 四六级英语 追星,韩语 PS AE,,重庆,女
华仔,保密,乒乓球 韩语（留学4年） 运动损伤康复治疗,英语,如果你喜欢运动 我可以教你打乒乓球，如果你想学习韩语 我在韩国留学4年 可以教你韩语，如果你有运动损伤一直没有痊愈 我可以帮你做康复训练，只要你可以系统的教我英语 以上三条都可以满足你,宁波 高新区,保密
井冈山下,20岁,烹饪 食品雕刻 微信制作,日语 摄影 软件制作,,成都,女
虎的猫,20岁,烹饪 绘画 食品雕刻,日语 摄影 阅读,我学了七年绘画 现在是烹饪系学生 会一点钢琴 希望有志同道合的人互帮互助 共同进步,成都,保密
小法,22岁,书法 国画 基础艺术理论,乐理 音乐基础,很想学习音乐相关知识 入门 规律什么的 有什么相关问题可以一起探讨,重庆,女
阿靡,22岁,四川话！ 英语 Adobe audition 素描 穿搭,PS 摄影 德语 日语 粤语 LabView 吉他 钢琴 Matlab,列了那么多想学的，只要有小天使会任意一项就可以找我交换！,西昌,保密
Ariel锦,保密,上海话 乐理 钢琴演奏 基础德语,法语 德语 西班牙语 意大利语 大提琴 书画,我觉得这个技能交换网非常好，我会经常来这里看留言的，大家有什么话就尽管给我留言吧。真诚地期待能与大家互相学习，学到自己想学的知识。,上海,女
士多啤梨可爱多,22岁,四川话 护肤 妈妈会做的家常菜,ps pr 英语 绘画 减肥,,成都,女
KIM,22岁,PS illustrate CDR sketch,audition,我会一些平面作图软件，想学audition，可➕微,上海,男
赵有才,保密,3D动画制作影视后期软件,社交技能英语,网络上还好，真人比较腼腆啦~哈哈  来逛逛~,枣庄,男
术士,24岁,ps ai html+css,英语,,贵阳,男
樨,保密,临床医学 基因 营养学 心理学 一点点的化妆 摄影后期 塞氏翻译水准 日语阅读 汉化,互帮互助 提高日语 PS 写作等,是个懒人所以需要同好来互相督促提高技能水平~,长沙,保密
ganjue,保密,广告设计PS摄影绘画开车,英语及你所善长的,三人行必有我师!!!,深圳,男
麦子,23岁,德语 粤语 PS,日语 板绘 编织,希望能互相监督努力，可以线下学习,广州,女
coco,25岁,文案 公众号 西安话,英语 德语,,西安,女
喵了个喵,保密,日语,web前端,,西安,女
梨花,保密,开车 鞋服贸易,会计 金融,,福建晋江,女
阿凉,29岁,古筝 photoshop 温州话,英文 日文 韩文 理财 中外传统文化 python,我可能是这里年纪偏大的一个。。。请不要嫌弃我！,温州,女
赤耳,22岁,拍照 美妆 学习规划 考古,英语口语 写作,,济南,女
湮灭,保密,英语（留学5年） 日语 高级经济学 CFA 游泳 旅游规划 护肤（祛痘）,绘画 摄影 人际关系 减肥塑身（监督）,,南京,女
远,27岁,投资 it,很多,,成都,男
gyalisha,30岁,英语,网球 画画,,北京,女
阿凉,29岁,做饭 photoshop 吐槽 温州话,英文 日文 韩文 理财,我可能是这里年纪偏大的一个。。。请不要嫌弃我！,温州,女
匿名网友,保密,编导 导演 影视制作 油画 影视评论,古筝,工作不是很忙，想学习古筝,长春,男
肉,26岁,审合同,文案 美学设计,,厦门,女
耶耶,18岁,游泳 法律 倾听 潮汕话 书单供应 影单供应 一点点摄影,摄影 手绘 烹调做饭 化妆 稀奇古怪的技能,"呀！咋一到技能点亮点时我怎么这么弱鸡呢！
法学生，中意看稀奇古怪的书和稀奇古怪的影视，脆皮鸭爱好者，追星，短暂点亮过视频剪辑和摄影，但是觉得可能不够教别人。
请和我稀奇古怪的开始聊天吧",汕头,女
花太,21岁,日语,英语 韩语,,大连,女
21金维他,20岁,英语 相声 傻瓜都能拥有的c语言入门级能力,微积分 日语,,广州,保密
强大到自己害怕,26岁,开车 北京话 做饭,人力资源 excel实际操作 手工制作 蛋糕,希望有经验的大拿带我飞，谢谢！,北京,男
小星,24岁,ps 公众号 美工 美食,粤语 英语,,广州,保密
笔诛墨伐,19岁,中文,日语 PS,,广州,女
任命运逆流,21岁,英语 计算机 python,whatever,,北京,女
搅基娜,26岁,英语 PS AI,日语,现在正在学习五十音，希望大家可以互相学习~,济南,女
赵食其,21岁,汉语 东北话,日语 韩语,"我会努力教的也希望您也可以
毕竟是双向的嘛",内蒙古,女
大力水手,保密,开车 意大利语 英语中级 探讨管理 可以一起旅游,日语 钢琴 旅游 太空舞 做咖啡和冰淇淋 股票外汇等金融投资,我是海归，管理专业毕业。希望能学到日语，&amp;nbsp; 股票外汇等金融投资，&amp;nbsp; 做意大利咖啡和冰淇淋，&amp;nbsp; 钢琴，&amp;nbsp; 太空舞，有时间可以一起旅游,上海,男
小燕明,保密,开车 翻译,英文,快乐常在!11,曲靖,男
一条花鲢,20岁,管理公众号 推文编辑 烤翅 中文,PS 木雕 各种手工 英语,,南充,保密
e网情深,保密,倾听 LOL,基本不会的什么都可以 你要诚心教我就用心学,想让自己生活丰富起来，一个到处漂泊的人,四川,男
一颗咸菜,22岁,汉语,英语 日语 韩语 好多技能都想学,,宁波,女
一一一一,20岁,人力资源管理相关 演讲相关,考研 数学,,北京,保密
双双,23岁,粤语 ps 广州本地美食,韩语,,广州,保密
Apausha,26岁,意大利语,唱歌,,北京,男
小小主人,23岁,英语 心理学 人力资源 唱歌 倾听,游泳 滑雪 格斗,,上海,保密
略略略略,20岁,动物医疗 唠嗑,手绘 漫画 Q版,,浙江,保密
wjj,35岁,摄影 ps,IT 机电等,"商业，人像，风光....摄影相关的和 ps修图，批量调色等我都能教会你，并成为资深人士。
我想学IT，机电等相关知识。",江西南昌,男
无尾熊,26岁,画画,尤克里里 古琴 古风摄影后期,,广西梧州,女
士乐,18岁,画画 素描 速写,日语 英语,,广东,保密
士乐,保密,素描 速写,日语 编程,"是不是上来看一下。素描和速写是那种高考类型的素描速写。学素描需要学很长时间，学得会比较慢。希望你有心理准备。
编程和日语主要是想找人交流。",广东,保密
兔丁,23岁,打游戏 想想啥也不会,健身 外语 ps,啥都想学  啥都不会,南昌,女
墨染,22岁,电脑,语言 绘画 书法 软件工程,计算机软件工程专业出身 所以电脑会一部分 但是还在学习中 以及其他什么都想学,天津,保密
尝尝,26岁,做饭 寻找美食,ps 视频剪辑 Cad,,温州,女
御驾亲征,90岁,德语 儒家经典,书法 绘画,"我是孤老。有自理能力。广结善缘，招收男弟子。选拔表现好的作为继承人。
要求严格遵守弟子规。诚意不足和自说自话谢绝。
请把简历，身份证，无犯罪记录证明，要求继承房子面积和现金数额，发到xiongbaozhang@126.com",上海,男
千羽陌,保密,日语,笛子 摄影 拉丁,本人谢绝一切推销，愿大家平等真诚地互相交换技能。最近偶尔去 技能交换俱乐部 里玩玩，有空去找我吧。,武汉,女
西语无,24岁,钢琴 作曲 伴奏 乐理 和声 古典 粤语,你叫我做好吃的 教我摄影入门 日语也可以 或者怎么包礼物,,广东,男
胖兢儿,19岁,日语,跳舞,"日语n2左右，想学跳舞的女孩一个
求nice的大佬领领路",昆明,女
pengfeng,保密,吉他 粤语 电脑 日语二级,英语 吉他 日语口语,每天都在苦苦地等待那个和我交换机能的人，莫非我等的就是你。,深圳,男
Ccc,23岁,英语 英语口语 上海话 钢琴,日语 编程 化妆,,上海,保密
失落的小白兔,24岁,英语 吉他初级 法律硕士考试 找资源技能 用树叶吹出鸟鸣声,如何活着 吉他 口琴 作曲 缝纫 熟练地骑自行车,,成都,女
LM,24岁,财务 日语 英语 手绘 板绘（初级）,日语 视频剪辑,"日语、绘画和剪辑都还在摸索阶段_(:з」∠)_ 欢迎大佬来带飞，也欢迎小伙伴加我来一起打卡^q^互相督促~
QQ:2653225474",长沙,女
bzhxbtm,19岁,普通话 并不精通的绘画 并不精通的钢琴 简单的和猫相处的技巧 漫画修图,英语 语言学习的方法 个体心理学 如何安排计划并且实施 哲学,废人……虽然自认为是个好人，但是也经常发神经，丧得不得了。,山东,女
池鱼,20岁,英语 粤语 日语初级 陪聊天,板绘 手绘 日语,,广州,女
夏士莲,18岁,素描 速写,数学 英语 心理学,,宣城,保密
歌坏,21岁,英语 翻译 音频后期 视频剪辑,摄影 绘画,欢迎找我微博聊天（？,上海,男
Charlie,21岁,英语口语 PPT制作 公众号运营,摄影,,广州,男
M1JIU,20岁,音频后期 歌曲后期 粤语 街舞 网络工程专业,日语 编曲 Vocaloid调教 lol CTF相关,"就如果有一起学习互相勉励的朋友也是很开心的QWQ
希望有人能看看我",广州,女
老妹儿,19岁,粤语母语 日语专业 全国卷英语,日语专业 英语专业,大家一起学习啊,天津,女
老妹儿,19岁,母语 粤语 日语专业 四级英语 天津话,access数据库 日语专业 英语,想学这些，但是又不会我想学的，我也可以教你啊，交个朋友吧,天津,女
tae,22岁,烹饪 西点 大部分梗都知道 尬聊 追番追星,日语 口琴 英语 什么可以哈哈,,重庆,保密
牧菇菇,24岁,剑道 日语N1 英语CET-6 粤语,日语 英语翻译 any other interesting,虽然日语英语都有证书，口语还可以，敢说，但是词汇量有限，经常会卡壳。想有人能带我稍微系统一点地学习翻译，或者发现一些途径能深入地钻研专业性的外语……对于其他非语言类的技能也有学习欲望，嗯大概这样吧。,深圳,女
墨竹,20岁,粤语 一点笔译 口译 折纸 橡皮章,日语,想去日本游学，就两周，懒得报班，在这里碰碰运气吧TAT，不要嫌弃我TAT,广州,女
21g,保密,英语 游泳 教书,日语 韩语 法语,本人现在市中区做英文翻译   ，以前也教过小学英语 ，会一点点法语 ，会游泳但现在肥了所以不知道有没有机会教别人呢希望自己减肥成功。 希望能再学一门外语  充实自己,枣庄,女
匿名网友,保密,英语教学 驾驶 法律 健身,架子鼓 钢琴 粤语 泰语等,我性格很好，愿意交个好朋友互相学习，一起玩。,济南,男
耶耶耶耶耶,保密,声乐 唱歌 气息练习,健身 俄语 做饭 理财,目前就读声乐专业，学习声乐的道路也是磕磕绊绊有不少心得，同时也兼职驻唱，可以告诉你们如何控制气息，如何练习气息唱歌，因为毕业想去俄罗斯学习声乐，所以想学习俄语。,丽水,女
维尼熊,保密,一点点日语 一点点Q版 不算标准的普通话,心理学 营养学 法律 什么都想学,,福建,保密
letterforms,保密,日语 可以陪你学其他小语种,音乐后期 吉他,,上海,保密
十六,保密,畫畫 粵語 做衣服,英語 社交技能 平面設計,其實什麼都想學,佛山,保密
匿名网友,保密,免费带你逛逛上海,免费带你逛逛上海,"闵行,颛桥",上海,保密
no promise,保密,吉他 唱歌 普通话,英语口语 爵士舞,男女有别，限女性哦，最好跟我年级相仿，我大学在音乐表演系学吉他弹唱的,上海,女
抹桌子,24岁,小提琴,架子鼓 西语 空手道,闲着也是闲着,上海,女
枫华,27岁,吉他 钢琴 绘画 室内设计 写作 英语,健身,,福建福州,男
乔,20岁,ps 画图,日语 健身,咕噜,成都,女
acu,保密,开车 画画 服装搭配 美工 美发,有用都行,"近点的,方便些",成都,男
wjs27,保密,开车 篮球 心理学 做饭,电脑 金融,在一家制药公司做职员。平时喜欢运动，郊游。希望学习一些电脑，金融方面的知识。,南阳,男
Rain,23岁,专业健身,唱歌,,成都,男
Neal,保密,上海话 汉语 桌球 空手道,英语口语 意大利语,我觉得这个技能交换网非常好，我会经常来这里看留言的，大家有什么话就尽管给我留言吧。真诚地期待能与大家互相学习，学到自己想学的知识。,上海,男
大橘为重,保密,机电技术 工程预算 UI 绘画 PS CD CAD 3DMAX SKETCHUP 摄影 唱歌 VLOG,法语 小语种,,西安,保密
长发女鬼,保密,川菜 健美操 成都美食,金融理财 户外运动,活泼开朗  能说会道  喜欢交  喜欢有挑战活力充满激情生活,成都,女
毅,24岁,PS 蛙泳 跆拳道 修电脑 linux软件工程师的一系列技能 基金股票虚拟币投资 星耀段位,唱歌 粤语 做饭 英语口语,,深圳,男
咸鱼酱,22岁,没什么厉害的专业技能 希望找人互相鼓励 学习更多东西,一切技能 什么都可以,本人工作是淘宝客服，处理售前和售后，没什么技术难度，如果想学的我可以教你。另外想学习其他技能，什么都可以，比较想学绘画和吉他。,广州,女
Kiki,18岁,英语 普通话 一点点ps 历史,日语 翻译 导游知识,,北京,女
DUUU,保密,画画 书法 PS,口琴 3DMAX 英语 UI设计,,中国,女
茶,0岁,化妆 护肤搭配 服装搭配,有啥不咋挑 日语 工笔画,"想学一些新鲜的东西，很懒希望能鞭策我学习，互相督促尝试新事物
个人没啥技能，不知道有没有人可怜我
想学的技能很多，不咋挑，只要学的会( ･᷄ὢ･᷅ )太烧脑的我可能智商不够……不要嫌弃我",成都,保密
圆圆糖,保密,上海话 花样滑冰 初中英语教学,游泳 素描 笛子,我觉得这个技能交换网非常好，我会经常来这里看留言的，大家有什么话就尽管给我留言吧。真诚地期待能与大家互相学习，学到自己想学的知识。,上海,女
zjc,保密,销售 室内设计 讲课,没有固定要求,我是一个爱学习的人，真诚地期待有人可以和我互相学习。,上海,男
kuaile,保密,工程造价 开机和关机 默写28个英文字母,各种 你所知道的 不论专业的不专业的,人为什么活着？,郑州,男
Erik Killmonger,25岁,粤语 烘焙 国际象棋 英语 普通话二甲,PS 画画 外语,,广州,保密
翻翻,25岁,韩语四级 日语二级 初中小学数学家教 英语六级548,架子鼓 画画,南京大学仙林校区的附近会架子鼓的兄弟们，求技能互换呀，嘤嘤嘤,南京,女
基里连科,22岁,日语 英语,python it相关,,瑞典,女
perry,23岁,韩语,python,,新乡,男
Gordon,31岁,ERP实施 ERP应用,英语口语,,北京西城,男
维棠,24岁,花艺 橡皮章 简单的尤克里里,什么都可以,有什么想学的也可以一起互相监督学！,杭州,女
耗子睡着了,24岁,java html css javascript linux 开车 羽毛球,python 算法 游泳 唱歌的颤音,喜欢编程，写代码。寻找志同道合的人共同进步,大连,男
白,22岁,师范生汉语教学,日语 photoshop 其他小语种,非诚勿扰 可以长期交流的加 希望能和外国人交朋友 会认真的专业的教汉语～,南宁,女
还是最爱小李子,24岁,英文,视频编辑 ps,,泰州,女
34788974,保密,开车 足疗 经营管理 奥数教学,英语 日语 摄影 广告设计 电脑编程 动画制作 VC语音,有缘再说,北京,男
情浅,18岁,我超会聊天,ai ps等,啊啊啊啊啊啊啊啊啊啊啊啊啊啊来跟我玩吧我超会聊天的,上海,女
纵横,28岁,网络赚钱,seo 劫持网站,,四川,男
覆水难收,26岁,彩票计划 服装达人,IT 推广,,宜宾,女
匿名网友,保密,计算机软件开发精通 数据库精通 英语一般 滑冰一般 象棋 三国杀 散打 行为心理学 宏观微观经济学,你精通的,计算机软件开发精通 数据库精通 英语一般 滑冰一般 象棋精通 三国杀精通 散打一般 行为心理学 宏观微观经济学&lt;br /&gt;,北京,男
左手喝水,25岁,前端,英语,,上海,保密
cdr66,保密,广告设计 策划文案,还不知道,我觉得吧学习技能分三个阶段，首选是找到合适的换客，然后呢就是线上交流，然后就是开始学习。,杭州,男
Zgj,90岁,素描（一点） ps（一点） 绘声绘影（一点） 中文 英语（一点） 化妆（一点）,pr 硬笔书法 ps 手绘,,天津,保密
Akon七零八落,25岁,英语 摄影 射箭,视频剪辑 调音,,北京,男
ビン,22岁,日语 爵士,java 数据库 C++,求互换技能！！！！,西安,女
zita,22岁,架子鼓 视频剪辑,英语 减肥监督,,上海,女
yufeifan,保密,开车 电脑（网店）体育,吉他 舞蹈等都可以,本人谢绝一切推销，愿大家平等真诚地互相交换技能。最近偶尔去 技能交换俱乐部 里玩玩，有空去找我吧。,沧州,男
周灼亨,保密,广东话 高中数学,高中英语 应试技巧,一切为了学习。,广州,男
何呵呵,18岁,刻橡皮章,流利的英语,是一个很可爱的女孩子啊，其实也没什么技能，但是真的想让一个大神能叫我学英语或者别的什么外语除了韩语和日语,深圳,女
言桂,20岁,中文 绘画 道教文化 周易(一点),英文,,宁波,女
Surprise,21岁,开车 java 活动策划 PPT,英语口语,在校大学生，有的技能可能不是太精通，请谅解,长春,男
xueji,保密,三国杀 平地花式轮滑教练 象棋,书法 古琴 笛子 街舞等等,,北京,男
睫毛精小李,22岁,英语八级 catti三笔 普通话 英汉汉英翻译,ps 视频剪辑 韩语 粤语,,广州,女
奇怪物种,24岁,英语 粤语 其他很多都懂一点点的欢迎一起学习,尤克里里 口琴 绘画 心理学 塔罗牌 英语 日语 西班牙语,,广州,女
ehuanshi,24岁,数学建模 Latex OriginLab,雅思 Solidwork,,深圳,男
胡菲菲,保密,开车 聊天 购物 计算机2级,英语 其他外语和你的其他技能,本人谢绝一切推销，愿大家平等真诚地互相交换技能。最近偶尔去 技能交换俱乐部 里玩玩，有空去找我吧。,廊坊,女
小猪炖蘑菇,0岁,英语 中文 翻译 一点点法语 拉丁舞,绘画 尤克里里 唱歌 PS 跳舞 化妆 游泳等,,襄阳,女
nnn,21岁,普通话二甲,英语,,广州,保密
GE,20岁,c c++ html php android java 篮球 乒乓球 羽毛球,乐器方面的 英语 其他有帮助的都可以,,重庆,男
wire,20岁,聊天 监督打卡,粤语 任何技能,大概真的很废柴了 如果你愿意教我点什么一定是天使了,天津,女
dongshi,保密,开车 电脑硬件维修 弱电,英语 拉丁舞 各交际舞蹈,我是一个爱学习的人，真诚地期待有人可以和我互相学习。,北京,男
brwyl,50岁,占星,影视后期,,浠水,保密
牛牛,36岁,吉他 电脑维护 驾驶 烹饪美食 摄影,英语 python,,深圳,男
hhbhhb11,保密,英语六级 日语一级 韩语高级 商科专业 计算机专业 法语初,任何需要的,可以互相学习和交换技能,杭州,男
李宗霖,保密,PS 原画 PT,英文,每天都在苦苦地等待那个和我交换机能的人，莫非我等的就是你。,杭州,男
粉色奥特曼,0岁,温州话 英语六级 微信写文章 会计理论,英语口语 基础绘画 编程 求减肥监督,,温州,女
vision茶茶,保密,小提琴 中文 十字绣 天文 神马的 不精,韩语,我是一个爱学习的人，真诚地期待有人可以和我互相学习。,北京,女
w,19岁,简单的SAI绘画 搜索和缩写联想 地质专业在读,3D建模入门 或者相关教程和软件推荐,"会很多有的没的小技能，比如擦线过二级水准的c语言，擦线过六级的英语什么的……以及多年网上冲浪（的经验对缩写词的联想和搜索一些不太难搜的东西水平还算平均水准以上吧
地质类专业在读，可以交流回答一些相关的问题，不过受个人水平限制可能很多我自己也不知道
想有会3D建模的推荐一下软件啊教程啊然后在有问题的时候帮吗解答一下就好谢谢！",四川,保密
吧唧,保密,钢琴 小提琴 大提琴,法语 吉他 音乐后期 做衣服,不是一个一旦下定决心就去做的人，but会努力的！,厦门,女
k8414670,保密,口琴 肛门呼吸通督脉,自我催眠 入静,每天都在苦苦地等待那个和我交换机能的人，莫非我等的就是你。,呼和浩特,男
5972,22岁,烘焙,日语,,南京,女
青苔,20岁,fps狙击 小提琴 肺活量能唱歌剧 普通绘画 普通平面设计,意大利语 工业设计,"我是理科僧啦…
守望先锋百合玩家…
不玩绝地lol王者…
讨厌低级趣味…
喜欢玩挂机游戏（idle）…
现在，本肥宅要开始召唤更多的肥宅ヾ(´･ ･｀｡)ノ&quot;",山东,女
七月,20岁,扬琴 脸皮厚,日语 其实什么都可以啦 希望我们都有耐心,想成为闪光少年少女吗！,吉林,女
kevyn,保密,平面设计等,英语 钢琴,我觉得这个技能交换网非常好，我会经常来这里看留言的，大家有什么话就尽管给我留言吧。真诚地期待能与大家互相学习，学到自己想学的知识。,上海,女
葡萄,22岁,没什么技能 想找人互相勉励 减肥 学习 变得更好,想学韩语,,广州,女
桃金娘,25岁,针灸 英语,申论小作文,,武汉,女
欧阳昊天,26岁,心理学 催眠 塔罗 运营 摄影 滑雪 健身,吉他 钢琴,,郑州 安阳,男
宅三郎阿苦,20岁,推送排版 手工制作 高中地理,PS AI 制定规划 时间管理 高等数学,"喜欢排版、画画、动漫、音乐剧、做手工……
文科很好、数学很差。
喜欢尝试新鲜事物，但是不太会安排自己的时间。",上海,女
幽幽,21岁,手绘 水彩 插画 PS,平面设计 英语口语,想学平面设计或者英语口语……想学画画可以教你到能约稿的水平~目前自己的水平是一幅画400+，欢迎来交流！,天津,女
兔子,18岁,英语,英语,比较喜欢英语,深圳,保密
六瓶,保密,钢琴 游泳,小提琴 营养学 建筑设计 经济学,,上海,女
匿名网友,保密,我懂琴棋书画吉他淘宝开车摄影找女性互学 技能 我是广州本地好学友善男子 &lt SPAN STYLE=&quot FONT-SIZE 20PX FONT-WEIGHT BOLD&quot &gt 13760783011&lt  SPAN&gt (广州) Q847239136,我懂琴棋书画吉他淘宝开车摄影找女性互学 技能 我是广州本地好学友善男子 &lt SPAN STYLE=&quot FONT-SIZE 20PX FONT-WEIGHT BOLD&quot &gt 13760783011&lt  SPAN&gt (广州) Q847239136,越秀区,广州,保密
xiaoqi,保密,平面设计 策划 广告设计 VI设计 包装设计,瑜伽 网页设计 3D 跳舞都可以,热爱生活 热爱学习,中山,女
欧阳,30岁,绘画,音乐,,上海,男
匿名网友,保密,英语 汽车行业,英语 高数,想找个人，教我高数和英语。本人在工作了。好多不会忘记了。找个人一起交流下。我工作了的。可能会给你提供一些工作经验。在几家500强待着。,南京,男
艾蕾蕾蕾,100岁,会写文 能产粮 能聊天,语言,啥都想学，啥都想要，想要充实自己，能陪你唠一年的嗑。,成都,保密
G1xxxi,23岁,德语 汉语,吉他 跳舞 韩语 滑板,95德国留学生 可以说德语 也可以教汉语哈哈哈。对运动音乐这方面比较感兴趣，有愿意交流的请联系我。,Iserlohn,女
一往如故,24岁,泰拳 健身,java 吉他,,合肥,男
shin,23岁,韩语 养猫 开车 主流游戏,编程 英语 等其他,欢迎任何我不会的技能教我(o^^o),保定,男
多多,28岁,建筑设计（建筑设计相关软件） 英语 户外和旅游（欧洲经验）,视频编辑剪辑,,米兰,男
离笙,保密,对外汉语（普通话一乙） 计算机二级（office） 微信编辑 教师资格证,Photoshop 做视频 摄影 画画 不会的都可以,,天津,女
云,保密,钢琴 大提琴（基础） IB化学,日语 PS,,上海/温州,保密
漆柏,20岁,绘画 吉他 钢琴 电子琴 口琴 朗诵 普通话,芭蕾 国标 拉丁 素描 刺绣,很用心的在想学东西，交流技能，什么都会一些，什么都好奇，欢迎指导,哈尔滨,女
spencer,27岁,英语 唱歌,服装设计,,深圳,女
Summerlv,保密,PS 平面设计 绘画 CAD 3D AI 工业设计 陶艺 犀牛 丝网印刷,英语 英语口语,纠结又不靠谱的文艺小青年,上海,女
kim,26岁,dota2 暗黑3 pubg steam,交流,我想学！,郑州,男
lico,保密,上海话 服装 会开车 做丝网花 会五笔 服装手绘 小装饰品的制作 英语有一点基础,在淘宝上开店,我是一个爱学习的人，真诚地期待有人可以和我互相学习。,上海,女
Jessie,保密,粤语,英语口语,,广州,女
Mercury,20岁,java c 小提琴 绘画 LOL 咖啡师,c 日语 自拍 p图,,悉尼,女
阿塔,23岁,陕西话,视频剪辑及后期 英语 韩语,,陕西,女
加油涛仔,31岁,UI设计 网络美工 office,程序开发(前端和后端都可以),,湖北省仙桃市,男
阳光,51岁,医学 养生 日语,乒乓球,大家请多关照！,北京,男
guogow,40岁,法律法务 服装设计 普通话,粤语 会计,,广州,男
jester,24岁,PS PR AE 公众号运营,摄影 尤克里里,,广州,男
山入怀尔入我梦来,20岁,ps 平面设计 粤语 互相推荐书 绘画摄影都懂一点不精通,硬笔字 英语 视频后期 摄影,,广东,保密
懒鼠,22岁,不那么厉害的板绘 粤语,英语,,广州,保密
脆脆的饼,18岁,板绘,粘土人,想知道做粘土人都需要什么工具材料等等·················教练我真的想学。,略,保密
羽佳,24岁,科学养猫 DOTA2教学,简笔画,,山东省济宁市,男
somesec,24岁,公务员知识 粤语,绘画 设计 守望先锋3000分,,湛江,女
金懂事,22岁,瑜伽 尬聊 吸猫,初级日语 简单的英语 插花,,佛山,女
somezaki,保密,PS人像后期 入门级Ai&amp Pr,板绘 手工 互相监督,,成都,保密
业火,19岁,活着 聊天,粤语 英语 哲学,交个朋友吧……？,天津,女
苏打汽水,21岁,心理咨询 写作,日语,,哈尔滨,保密
东南,24岁,本职工作内容运营 手工DIY各种都会一些,想学做衣服 摄影 cos……,,杭州,女
nas,22岁,做饭 养猫 仓鼠 一般意义上的心理疏导,绘画 写作技巧,其实也很想要能一起磕冷cp的朋友,济南,女
远蓝似蓝,27岁,PS AI CAD 建筑 城市规划 旅行规划 活动策划 汇报技巧 烹饪 烘培,日语 动漫人物设计 犀牛建模 revit,,成都,女
铅笔,19岁,摄影 影视后期,唱歌 c4d 表达,话废一个,厦门 福州,男
Clehaya,保密,心理咨询 大提琴,街舞 配音 京剧 视频剪辑,请互相尊重。单纯交友勿扰。,山东,女
好味,5岁,板绘 水彩,AE Aviutl 设计,,苏州,女
七,23岁,陪聊天 养猫,修图排版 英语,,深圳,保密
哈哈梦,27岁,游泳 台球,摄影 英语,,北京,男
惊谲,19岁,绘画 插画 化妆 聊天,唱歌 养猫 做饭 英语 西语,,济南/威海,女
Celia汐,22岁,PS AI 服装设计,各种语言 摄影 烹饪,希望可以学到很多有趣的技能~,上海,保密
辰辰,保密,种花 陪聊天,会计 日语 英语 减脂 化妆,,湖北,保密
辰辰,27岁,陪聊天 种花 中文,会计 日语 英语,,湖北襄阳,保密
木木,25岁,简单的R语言分析 简单的植物识别 简单的古代史,日语 英语口语,,北京,保密
三安,23岁,英语口语 英语 钢琴 上海话,日语 粤语 钢笔楷书,,多伦多,女
苏苏苏苏颜九,保密,韩语,PS 摄影,,威海,女
鹿前,保密,粤语,web前端开发 英语 运动,"苦苦思索这边会的技能几乎没有……大概只有从小到大会说的粤语……
因为希望以后往前端开发方向前进，虽然在自学中，还是希望有小伙伴能指点我一下……谢谢！",广州,保密
戚未初,19岁,唠嗑 撩妹 下厨 橡皮章 热情的交友,如何少说话 粤语 减肥监督,来唠嗑！,纽约,女
POY,29岁,摄影 PS,日语 视频剪辑 乐器,,上海,保密
生煎包,20岁,粤语,英语语伴,,HongKong,保密
没什么昵称,保密,UG 做饭 写作 AU,日语 素描,,大连,保密
胥安,20岁,素描 水粉,英语 漫画,"好勾搭，求个技能过硬的，互相好好教。
                          ——来自被英语四级愁白了头的我",安徽淮北|山东滕州,女
李大嘴,25岁,睡觉,计算机编程 C语言,,南宁,男
云上歌,0岁,服装平面立载打版 素描入门 bjd娃衣制作,水彩画 ps 电脑CAD打板 童装打板 服装设计 日文 很多想学的,还是个半吊子，上过实体课塞了一脑子的技能，还在努力将所学的东西练成熟练的过程中。。。总之不管学什么大家还是多练练！起码达到熟能生巧的地步才算学成功了！！！,江苏,保密
竹,25岁,橡皮章初级 汉语,日语 PS,,芜湖,保密
团团,25岁,高级茶艺师 化妆,日语 尤克里里,嘻 嘻嘻,江西,女
乐兮,21岁,ps 绘画,一起画画的 ai 建模,,天津,女
博1987,保密,平面设计 绘画 摄影初级 三维动画MAYA,英语口语 写作 翻译,我的87年的兔子,北京,女
自然飘过,20岁,excel python 英语 商学 组织活动,日语 数据 PS 摄影,一起学习呀,新加坡,保密
匿名网友,保密,素描色彩驾驶游泳土木工程建筑各种学科基本都会一点点,楷书 围棋 羽毛球,感兴趣的下班时间电话我 上班时间发短信=。=,南京,男
鳶,16岁,什麼都不會  不錯的聆聽者,Ps手繪 繪畫 剪輯,Emmmmm希望不嫌棄這條鹹魚,吉隆玻,保密
洋柿炖地豆,20岁,硬笔隶书楷书 兽医基础课程 钢琴,有机 英语,,江苏扬州,保密
SHAMKA,19岁,板绘 动画 粤语,AE C4D 日语 英语 心理学,,重庆,保密
泽球球,18岁,绘画 手作 花艺,翻糖,,山东,保密
java,保密,泡妞,英语口语,本人英语水平虽然过了四级，觉得不够用，特别是口语方面的，不过本人感情经历十分丰富，如果哪位哥儿们要泡妞，找我没错！！！,南昌,男
匿名网友,保密,书法绘画我有6年画画基础 现在从事电脑游戏行业3D美术 精通PS MAYA ZB等主流软件 想学点有趣的休闲技能 或者拿物品交换 想当面学习的请把场所提供好,书法绘画我有6年画画基础 现在从事电脑游戏行业3D美术 精通PS MAYA ZB等主流软件 想学点有趣的休闲技能 或者拿物品交换 想当面学习的请把场所提供好,高新,西安,保密
zhangcj106,保密,五笔输入法 会计证考试 数据汇总分析 操作软件,会计实务 出纳工作流程 做账,我是一个爱学习的人，真诚地期待有人可以和我互相学习。,杭州,女
左小格,保密,会计 瑜伽 服装搭配 砍价 占星学 家居设计归纳整理,日语 英语口语 插画,特别想学日语，因为对日本电影，服饰等很感兴趣 。 还想学英语口语，因为工作时候要用,北京,女
东篱把酒,保密,PS 绘画 书法 素描 服装设计 色彩,粤语 化妆 心理学 书法 服装设计 逛街 时尚购物,我觉得吧学习技能分三个阶段，首选是找到合适的换客，然后呢就是线上交流，然后就是开始学习。,萍乡,男
海瓢,19岁,看cpy 长沙话 吃 会一点点c＃,PS mmd 英语 视频剪辑 想给我萌的cp剪视频！,我好像学PS和剪视频啊！虽然我一无是处但是我可以和你聊天的！！c＃也行啊！数据库在学！爱大家！,长沙,保密
虫儿非,保密,普通话 做饭 十字绣 四川话 养兔子,摄影 外语 架子鼓 服装设计 茶艺 葫芦丝 户外 花艺,我还什么都不会吧，我热爱生活，愿我能给你带来欢乐,攀枝花,女
stella0720,保密,想找个朋友一块练习英语口语,想找个朋友一块练习英语口语,我觉得吧学习技能分三个阶段，首选是找到合适的换客，然后呢就是线上交流，然后就是开始学习。,北京,女
匿名网友,保密,语言想学服装设计方面的知识 比较实用的 最好从素描基础学起 诚交精通服装设计的朋友 本人英语专业 可以从最基础的教起 多一份技能便是对自己的人生多添一份筹码 本人诚心向学 非诚勿扰！！！,语言想学服装设计方面的知识 比较实用的 最好从素描基础学起 诚交精通服装设计的朋友 本人英语专业 可以从最基础的教起 多一份技能便是对自己的人生多添一份筹码 本人诚心向学 非诚勿扰！！！,海珠区,广州,保密
dcatcher,保密,占星,英语口语,中学数学教师，暑期时间比较多,上海,男
匿名网友,保密,我做服装设计工作多年 有各种各样的服装款式 设计软件熟练 换你会的如是我需要的一定合作,我做服装设计工作多年 有各种各样的服装款式 设计软件熟练 换你会的如是我需要的一定合作,沙溪,中山,保密
我想食麦当劳,18岁,画画 粤语 闲聊,日语,其实我想找个可以一起画画的小伙伴,广州,女
cj1985,保密,PS 日语初级,英语口语 摄影 围棋 PS手绘,英语四级，口语很烂，学科当中最喜欢数学的理科小女生。上班时间比较轻闲。然后希望能在有限的时间能多学习。同时也很乐意分享我的学术不太精的技能。,泉州,女
朝为田舍郎,保密,PS 电脑,网页制作 PS,常常责问自己，学习了这么多年，好像进步的空间还很大嘛。你愿意和我共同进步么？,抚州,男
听说sing,保密,PS 彩妆,PS 平面设计 拉丁 社交礼仪,比品位更重要的，是品质,扬州,女
匿名网友,保密,我会日语 想学中文 想交个朋友 QQ435544159,我会日语 想学中文 想交个朋友 QQ435544159,常平,东莞,保密
匿名网友,保密,书法绘画联系方式 QQ532361720 电话&lt SPAN STYLE=&quot FONT-SIZE 20PX FONT-WEIGHT BOLD&quot &gt 15011151170&lt  SPAN&gt (北京),书法绘画联系方式 QQ532361720 电话&lt SPAN STYLE=&quot FONT-SIZE 20PX FONT-WEIGHT BOLD&quot &gt 15011151170&lt  SPAN&gt (北京),"昌平,天通苑",北京,保密
reneet,保密,英语 游泳 钢琴,日语 大提琴 英语语伴,我觉得这个技能交换网非常好，我会经常来这里看留言的，大家有什么话就尽管给我留言吧。真诚地期待能与大家互相学习，学到自己想学的知识。,北京,女
misheute,保密,英语 英语口语 德语基础 英语全能 美术史 英语过级,钢琴 吉他 绘画 厨艺 乐理 糕点 裱花,大四  英语播音员  母语人士无障碍交流,武汉,女
影子模仿,保密,■■■10年PHOTOSHOP经验 英语口语■■■,■■■化妆 英语语伴■■■,我觉得这个技能交换网非常好，我会经常来这里看留言的，大家有什么话就尽管给我留言吧。真诚地期待能与大家互相学习，学到自己想学的知识。,北京,男
sanzoh,保密,英日语 各种编程,粤语 数学 商务英语 经济法 各种编程 电子学 财会技能 跑步技术,有什么想法请大家多多使用电邮联系,深圳,男
卜卜,22岁,玩游戏 丧 沉默,粤语 画画 撩妹,,福建,保密
如若随风,保密,摄影 演讲 写剧本 编导知识,PHOTOSHOP,常常责问自己，学习了这么多年，好像进步的空间还很大嘛。你愿意和我共同进步么？,临汾,女
东北石原里美,21岁,托福 英语 扯淡,编程 计算机,一个来自东北潜力无穷的女孩,杭州,女
咣当君,18岁,一点点挪威语 扬琴 六孔陶笛,尤克里里 法语 俄语 挪威语,本渣渣也想学新东西qwq,成都,女
匿名网友,保密,书法绘画联系方式 本人从事食品行业多年 熟悉各种小吃的制作流程 如果你会平面设计软件 或广告霓虹灯 LED显示屏行业或许铝合金门窗 各种电动门业方面都可以交换 交流 诚交四海朋友 共同进步！电话 &lt SPAN STYLE=&quot FONT-SIZE 20PX FONT-WEIGHT BOLD&quot &gt 13033510170&lt  SPAN&gt (无锡),书法绘画联系方式 本人从事食品行业多年 熟悉各种小吃的制作流程 如果你会平面设计软件 或广告霓虹灯 LED显示屏行业或许铝合金门窗 各种电动门业方面都可以交换 交流 诚交四海朋友 共同进步！电话 &lt SPAN STYLE=&quot FONT-SIZE 20PX FONT-WEIGHT BOLD&quot &gt 13033510170&lt  SPAN&gt (无锡),北塘区,无锡,保密
sdn342,保密,做菜有日语基础学过会计做过通讯行业,日语会计,其实，自己掌握的并不是很多，主要是想找人带动自己，如果可以教我或者陪我一起再认真学习都很好。,衡阳,女
驼驼,20岁,古筝 烘焙,德语 钢琴,qwq,马鞍山,女
沃吉亦,保密,德语 汉语,钢琴 德语 古筝,我觉得这个技能交换网非常好，我会经常来这里看留言的，大家有什么话就尽管给我留言吧。真诚地期待能与大家互相学习，学到自己想学的知识。,杭州,女
酸奶搭草莓,保密,德语,英语 做饭 德语口语 甜点 小点心制作,学德语已经五年了，所以你可以相信我还是可以的呐！,成都,女
舒同,26岁,医学统计 R软件,硬笔楷书 日语学习方法 塞尔达盾反,,广州,女
然也,20岁,绘画 ps 手工,live2d 动画 日语 编程 宝石鉴赏 写小说,我会的一定尽力去教，希望能一起提高。,青岛,保密
匿名网友,保密,拜师啦！！！写字画画 运动乐器都可以 没有学费交哦,拜师啦！！！写字画画 运动乐器都可以 没有学费交哦,沈河区,沈阳,保密
涔涔,0岁,一点点绘画,什么都想学啊！ 画画 唱歌 古琴 建筑,,郑州,女
弥皎,20岁,国画 唱歌,日语 英语,一条很废的咸鱼，希望多包涵,厦门,女
xueshu,保密,画画,画画,我是一个爱学习的人，真诚地期待有人可以和我互相学习。,郑州,男
秋池,16岁,应试美术,日语 法语 英语,"学生狗，会一丢丢日语（但是为了画画就放弃了……）
想学会很多语言",抚顺,女
纳豆,保密,画画 粤语 ps cdr 犀牛 ui基础,编程 unity 视频剪辑 乐理基础,,东莞,女
YY,19岁,托福110+ Python Java 函数式编程,日语,"啊啊，要散步N1了。
想互换一下技能。",海外,保密
匿名网友,保密,本人男 法学硕士 而立之年 175 73 南京人移民北京 身体和心理都很健康 相貌儒雅 幽默丰趣 为人善良而实在 目前本人在一家私募投资公司做金融项目投资 在股市经过近十年的历练 有一定的投资能力和技巧 有7年的驾龄 经常到离京几千公里的外省市自驾旅游 开过N多自动和手动档车 技能相当娴熟 工作多年来 社会经验较为丰富 懂很多知识 对北京道路 地点等也较为熟知 如果你是在京的女士（别太丑就行） 性格开朗 思想能够对我开放 用得上我的这些技能的话 希望与你交个亲密的朋友 帮你解忧 分享快乐 我坚信我在很多方面都不会让你失望,本人男 法学硕士 而立之年 175 73 南京人移民北京 身体和心理都很健康 相貌儒雅 幽默丰趣 为人善良而实在 目前本人在一家私募投资公司做金融项目投资 在股市经过近十年的历练 有一定的投资能力和技巧 有7年的驾龄 经常到离京几千公里的外省市自驾旅游 开过N多自动和手动档车 技能相当娴熟 工作多年来 社会经验较为丰富 懂很多知识 对北京道路 地点等也较为熟知 如果你是在京的女士（别太丑就行） 性格开朗 思想能够对我开放 用得上我的这些技能的话 希望与你交个亲密的朋友 帮你解忧 分享快乐 我坚信我在很多方面都不会让你失望,"海淀,知春路",北京,保密
flyingle,保密,日语,任何都可以要求老师为女孩,我觉得这个技能交换网非常好，我会经常来这里看留言的，大家有什么话就尽管给我留言吧。真诚地期待能与大家互相学习，学到自己想学的知识。,北京,女
shun,保密,上海话 日语初中级 英语语法阅读,英语口语 日语口语,想找英语口语较好的人陪我练口语，非诚勿扰。我可以教你初级日语,上海,男
vilie,保密,唱歌 厨艺 画画,厨艺 画画,,昆明,女
哈哈,21岁,滴胶 粘土 码字 翻译 吧唧托 花钱,画画 缝纫 烘焙 打游戏 画眼线 省钱,,北京,女
Clara,21岁,英语 入门法语 刮痧 跆拳道,养生,,北京,女
啪叽,20岁,侃大山（什么都知道一点） 英语（留学4年＋雅思裸考7分） 做饭（按照菜谱基本都能一次成功）,日语 英语口语 Solidworks Matlab,,英国,女
yapple,保密,乒乓球 台球 大提琴 北京话,英语 摄影,每天都在苦苦地等待那个和我交换机能的人，莫非我等的就是你。,北京,男
匿名网友,保密,语言联系方式 &lt SPAN STYLE=&quot FONT-SIZE 20PX FONT-WEIGHT BOLD&quot &gt 15510506913&lt  SPAN&gt (北京),语言联系方式 &lt SPAN STYLE=&quot FONT-SIZE 20PX FONT-WEIGHT BOLD&quot &gt 15510506913&lt  SPAN&gt (北京),"朝阳,潘家园",北京,保密
匿名网友,保密,电脑联系方式 &lt SPAN STYLE=&quot FONT-SIZE 20PX FONT-WEIGHT BOLD&quot &gt 13718185361&lt  SPAN&gt (北京),电脑联系方式 &lt SPAN STYLE=&quot FONT-SIZE 20PX FONT-WEIGHT BOLD&quot &gt 13718185361&lt  SPAN&gt (北京),"朝阳,垡头",北京,保密
匿名网友,保密,我现在广铁集团肇庆车务段工作 家在河北邯郸 现在想调回家工作 在河北省就行 如果有在北京局地区工作想对调回广铁的职工请与我联系,我现在广铁集团肇庆车务段工作 家在河北邯郸 现在想调回家工作 在河北省就行 如果有在北京局地区工作想对调回广铁的职工请与我联系,桥西,石家庄,保密
混不吝的xzm,23岁,足球 唱歌,编程 舞蹈,♛,大连,男
hhh1980,保密,北京上门按摩13161826981,北京按摩QQ1018532682,北京养生保健休闲娱乐场所，提供高质量正规手法，让您享受真正的健康保健服务，无论您是在&amp;nbsp; 家&amp;nbsp; 还是出差&amp;nbsp; 旅游&amp;nbsp; 都可以享受我们为您提供的高质量保健服务，服务项目有；欧式油压、粉推、中式指压、韩国松骨、泰式按摩、前列腺保养、丝足、温肾理疗等等；集多个国家经典疗法，以中医为基础，利用现代的方法，为现代时尚的都市男士提供保养、保健、排毒减压、亚健康调理等服务，舒服放松，还可以调理循环，以上项目&amp;nbsp; 300元90分钟&amp;nbsp; 加往返车费，非诚&amp;nbsp; 勿扰&amp;nbsp; &amp;nbsp; &amp;nbsp; 谢谢,北京,男
匿名网友,保密,我想在网上开网站 我会做菜现在在北京给人家做河豚鱼 交换女人做菜也可以,我想在网上开网站 我会做菜现在在北京给人家做河豚鱼 交换女人做菜也可以,海淀,北京,保密
阿檀,19岁,画画,厨艺 画画,,江西,保密
拳击pk英语,保密,拳击,英语,我喜欢声乐，戏曲，器乐，哲学，都略知一二。我打小学习通背拳，后来转投全国５０年代的冠军王春年学习拳击，小有成就。英语学习是我一大憾事，如有机会学习，别让生命中有遗憾。但愿和英语结缘！,天津,男
爱潘达的竹子,25岁,德语 日语,Pr Ps,,西安,保密
匿名网友,保密,广东话,长沙话,希望有人教我长沙话!,长沙,男
onion,保密,游泳 驾驶 计算机硬件,PS 长沙话,常常责问自己，学习了这么多年，好像进步的空间还很大嘛。你愿意和我共同进步么？,长沙,男
真诚1,保密,计算机 心理学 乒乓球 画画 中文 皮肤科,宁夏地区高考英语 宁夏地区高考数学,真诚就好,石嘴山,男
hujisan,保密,日语,日语互换英语,日语互换英语,上海,女
挽风楼主,保密,吉他 拳击 家电维修 字画装裱 书法 心理咨询 起改名 批八字,英语 小学家教,本人兴趣广泛，身心健康。,青岛,男
ricky,24岁,雅思7分 游泳 羽毛球 材料学 化学,编程 街舞 英语口语,,长沙,男
匿名网友,保密,绝版的麻辣烫技术和配方,啥都可以,味道纯正地道，技术一流霸道，先品尝后谈合作…本信息长期有效…,抚顺,男
java_bas,保密,计算机编程语言JAVA,英语,我的英语基础挺弱的，现在估计也就是高中的水平吧，如果对计算机方面感兴趣的朋友可以加我,北京,男
春风,30岁,HTML CSS JAVASCRIPT ACTIONSCRIPT MAC OS ASP ASP NET,HTML CSS JAVASCRIPT ACTIONSCRIPT MAC OS ASP ASP NET,计算机语言、Photoshop、PPT、音频视频编辑、,北京,男
九,24岁,普通话吧,视频剪辑 英语,互相交流,杭州,女
狗蛋,21岁,厨房入门 橡皮章手帐入门 陪聊入门,所有,_(:з」∠)_活着真是 太辛苦了,长沙,保密
老轩捷之,保密,烹饪 航模 美术画画 饲养各种动物,钢琴 小提琴 画画 二胡,本人男，17岁,昆明,男
哟喂呀,保密,穷游 英语 普通话 四川话,吉他 滑板 拳击,"我觉得我最大的技能就是【一个人背包旅行】了！
我可以帮你设计出行计划(*¯︶¯*)",深圳,保密
阿鑫,25岁,跑步 篮球 贯蛋 哄小孩,跳舞,,淮安,男
小媛,保密,XP2002,想交朋友 要女生朋友,"暂时不需要了,最近太忙了,我又不知道哪里关闭信息,只会改,不好意思,",深圳,女
匿名网友,保密,开车可以教你标准拳击拳法和散打腿法 交换学车 本人22 身高182 体重148,开车可以教你标准拳击拳法和散打腿法 交换学车 本人22 身高182 体重148,集美,厦门,保密
匿名网友,保密,深圳打拼了十几年人到中年了小有成就想学筹划 组织实施公司上市 上市前公司财务管理 上市公司财务管理 英语口语 企业上市 摄像 高尔夫 电脑 至于我的特长网球 羽毛球 舞蹈 易经 都有二十年的经验能达到做教练和老师的水平 希望多交有特长的朋友 男女老少多多益善,深圳打拼了十几年人到中年了小有成就想学筹划 组织实施公司上市 上市前公司财务管理 上市公司财务管理 英语口语 企业上市 摄像 高尔夫 电脑 至于我的特长网球 羽毛球 舞蹈 易经 都有二十年的经验能达到做教练和老师的水平 希望多交有特长的朋友 男女老少多多益善,南山,深圳,保密
javaplan,28岁,JAVASCRIPT ACTIONSCRIPT C# HTML CSS ASP ASP NET FLEX PHP MAC OS MSSQL MYSQL 工作流 BPM BAM FLASH 台球 游泳,英语 象棋,"ASP,PHP,SQLSERVER,MYSQL,javascript,jquery,json,webservice,AJAX,ASPX,C#,Photoshop,flash,Java,linux Dreamweaver,illustrator,office,台球，游泳",北京,男
榴莲鱼,保密,普通话 画画 服饰搭配 设计软件 沟通技巧 长沙话 烹饪川湘菜,英语 街舞 太极 肚皮舞 鼓,很好相处，富有耐心。厨艺方面比较在行，读书的时候是美术专业，会画画/设计软件，喜欢乐器/舞蹈，但一直没机会学习。我希望在这里多结交朋友，同时也为自己的生活增加些丰富的元素。如果你跟我有同样的想法，那么加我吧 ^_^,长沙,女
匿名网友,保密,开车如果你是想真诚教我开车的女士 请联系我 我是保定本市的,开车如果你是想真诚教我开车的女士 请联系我 我是保定本市的,新市,保定,保密
行径不朽,22岁,国画（写意） 人像摄影 素描 插画 软笔书法（普通）,摄影 视频剪辑 室内设计 3d软件 2d角色设计,绘画接触的比较杂（指工具材料），希望有同好能一起玩，摄影主人像，也希望有同好，会一些简单的篆刻，希望有大佬教我想学的，如果我能帮得上忙的话,秦皇岛,保密
阿落,20岁,钢琴 ps,英语四级,,厦门,女
刘汉轩,23岁,足球,Java,,廊坊,男
木棉女装,保密,会计 还有很多 淘宝卖家,暂时没想到具体的,本人24岁，在一家外企任职会计，平时兼职女装网店。,深圳,女
jia_jia,保密,吉他 JAVA,吉他 JAVA,你有一个苹果，我有一个苹果，我们交换后，还是只有一个苹果！,长沙,男
SteamFOX,保密,司机 绘画 篮球,司机 绘画 篮球,我觉得这个技能交换网非常好，我会经常来这里看留言的，大家有什么话就尽管给我留言吧。真诚地期待能与大家互相学习，学到自己想学的知识。,北京,男
rubyjava,保密,JAVA 网站制作 RUBYONRAILS,随便,理工大研究生,太原,男
晃影,20岁,绘画 版绘 雕塑 国内美院的本科生,英语 口语 写作,加我请带验证,天津,女
Zac,保密,摄影 普通话 唱歌 魔方 大提琴 游泳等,英语 素描 跆拳道 漫画 架子鼓 魔术,有意与我交换技能的朋友加我qq啊。,北京,男
匿名网友,保密,三维动画 摄像 后期剪辑 简单的街舞基础 乒乓球,摄像提高 后期剪辑提高 街舞 乒乓球 绘画 拿着DV拍生活 风景 小电影！或者其他男生能学的都行,1.主要想提高自己的技能水平；&lt;br /&gt;,武汉,男
炸克婶烊烊,22岁,会粤语 会追星,想学摆摊 八字易经 手工制作（耳环和粉红水晶桃花运手链）ps 视频制作 网站制作,如果你喜欢粤语的话 我可以很负责任的督促你～从基础教起～包括一切的tvb资源。就是想学一点手艺一点技能啦～,香港,女
匿名网友,保密,专业是学油画 室内设计 3D PS,油画探讨 非商品油画,想找对天津画画圈比较了解的朋友，向您多学习。,天津,女
菠菜,20岁,油画,cg,,天津,保密
色拉咚,21岁,日语,线性代数 统计学 画美少女 特别是怎么配色,我什么都不会 又什么都想学 还是做梦好了,大气圈外,女
匿名网友,保密,会开网店 懂网络营销 推广,换你会的技能 多学会些技能,会开网店，懂网络营销，推广换你会的技能，多学会些技能,苏州,男
小七,23岁,英语 钢琴 上海话,日语 粤语 编程 化妆,,多伦多,女
橘单,18岁,日语 绘画 吉他 普通话,水彩 ps后期 影视后期,很乐意尽我所能互相交流学习一下，请毫不大意地戳我吧(๑`･ᴗ･´๑),杭州,保密
Sameen,21岁,英语 粤语 日语（一点点）,摄影 化妆 有趣的技能,很咸鱼的一个人,广州,女
brovae,保密,视频剪辑 三维动画 电视节目制作,音乐绘画语言摄影方面都可以,"熟悉电视节目制作流程,会使用Photoshop Illistrator Primiere Vegas Avid After effect  Combustion Fusion 3Dmax 对Maya softimage Houdini 有较深了解。",潍坊,男
马晓龙,28岁,音乐 驾驶 服装设计,美发 剪 染 烫 发型设计 心理学,你的笑是我最大的成就,北京,男
爱英语,保密,英语 财务 机械行业知识,英语口语,寻求能提高英语口语的有缘人！,北京,女
R,20岁,绘画 PS SAI PR 动画制作,英语 德语 拉丁语 司法,共同进步,江苏南京,女
YoungKing,23岁,文案 PS PR,泰语 绘画,特别向往泰国和喜欢泰国的新社会人，希望可以遇到志同道合的小伙伴，作为自己的向导，也希望自己的小技能帮助到需要的人,深圳,女
xiruo,保密,计算机 PHOTOSHOP 编程 十字绣 图像分割,英语口语 CAD制图 葫芦丝 DXP电路图,我是一个爱学习的人，真诚地期待有人可以和我互相学习。,天津,女
fafa,22岁,粤语,PS 计算机 韩语 跳舞,,深圳,女
一罐小核桃,保密,化妆 摄影入门 话痨 健身,英语听说读写 一起健身 驾驶,,杭州,女
酱油城,24岁,唱歌 ps修炼中 音频后期剪辑修炼中 3dmax偏基础,AE pr 音频后期 配音,也可以交个朋友，一起督促学习！,沈阳,女
匿名网友,保密,高职 大学教育咨询师 吉他入门 篮球 健身操,英语 粤语 长沙话 画画,学东西交朋友，非诚勿扰！,长沙,男
小黄鱼,26岁,英语口语 同声传译,摄影,本人在海外留学工作多年，现在某外企担任同声传译师。现想学摄影，装备为佳能6d。希望能长期坚持互相学习。我能教的英语完全是个人多年学习心得，在外面的培训机构是学不到的。希望认真对待技能交换，非诚勿扰。,深圳,男
faza,22岁,粤语,ps 英语口语,,深圳,女
匿名网友,保密,品酒技能 德语,任何感兴趣的技能,想了解神秘的葡萄酒世界吗?我来演义,苏州,男
claire0032,保密,PS 销售 EXCEL OFFICE PPT WORD 英语四级,英语口语 法语 会计 西班牙语,我曾在通讯行业外企（500强企业）做区域销售经理助理两年，熟悉Office办公软件（Word&amp;nbsp; Excel&amp;nbsp; PPT&amp;nbsp; ），后来做城市销售经理两年，对销售渠道开拓维护及客户沟通有实战经验，现在自己由于个人发展需要，需提高英语口语水平并学习财务知识，及掌握更多语言，诚挚地希望和更多高手交流学习！,金华,女
绛弶,19岁,日语 长沙话 微信推送,日语 文学 ps,虽然会日语但是很差，只是入门阶段,扬州,保密
阿鱼,18岁,英语 唱歌,韩语 化妆 剪辑 修图,快来找我呀！,广东广州,女
jamina,保密,PS 心理学 四川话 计算机软件,英语 日语口语,怎么说呢？好像有点迷茫！来到这里，我渴望能真心的与与大家互相学习，学我所想。还是相信那句：只有实现了真的渴望，才能够算到过了天堂。,北京,女
^O^,保密,ps flash 新媒体运营都只是一点点 山东方言 普通话也会,一起学习ps flash等软件类的可以互相督促 成为高手不然自己都不想学 还有粤语 真好听！,,淄博,女
Xueeeeye,保密,美术 素描 色彩 穿搭 化妆 造型 聊天 把你变成一个cool的高级女孩or男孩,美容护肤 英语 高级穿搭 服装设计 服装制作 珠宝设计 bjd人偶制作,我是个笨蛋,杭州,女
十号客,保密,PS 武术套路散打,驾驶 PS 武术套路散打,。。。。。。。。。。。。。。。。。。。。。。。,杭州,男
zzzzz,保密,粤语,日语 英语 漫画,,东莞,女
光之翼,保密,游泳 德语,英语 粤语 心理学 理财 德语,本人德语专业，曾在德国留学，想找寻志同道合，诚心交换技能的朋友，并能严格执行交换计划，来共同达到互相学习的目的。,长沙,女
素蒅,1岁,粤语 古筝入门,德语（语言类）,喜欢有趣的技能！希望能和大家交换,东莞,保密
哈哈哈哈哈,保密,唱歌,股票,我觉得吧学习技能分三个阶段，首选是找到合适的换客，然后呢就是线上交流，然后就是开始学习。,济南,女
匿名网友,保密,本人现在主要从事室内设计 平面设计 园林景观规划设计 想结交一些志同道合 为人善良真诚 性格温雅 乐观开朗的好朋友一起交流 我爱好比较广泛 周六周日喜欢外出摄影 逛商场 旅游 参加各种户外聚会活动 有意者联系 哈哈哈(*^__^*),本人现在主要从事室内设计 平面设计 园林景观规划设计 想结交一些志同道合 为人善良真诚 性格温雅 乐观开朗的好朋友一起交流 我爱好比较广泛 周六周日喜欢外出摄影 逛商场 旅游 参加各种户外聚会活动 有意者联系 哈哈哈(*^__^*),洪山,武汉,保密
匿名网友,保密,想学盘发编发技巧 有专业的人想教的联系我,想学盘发编发技巧 有专业的人想教的联系我,思明,厦门,保密
excellent,23岁,ps flash 山东方言 普通话,画画 粤语 一起学习ps flash的小伙伴 都可以,,山东,女
好大一塊小酥肉,保密,呃…普通话 聊天 基础韩语（很入门那种 可以一起学）,ps 日语 粤语,,郑州,女
christ_g,保密,开车 桌球,英语 钢琴,自我介绍喜欢交友男女不限非诚勿扰,上海,女
france66,保密,会计 拉丁舞 瑜珈 税法 企业注册,英语 股票 期货,本人谢绝一切推销，愿大家平等真诚地互相交换技能。最近偶尔去 技能交换俱乐部 里玩玩，有空去找我吧。,绍兴,女
sdian,保密,英语 摄影 经济学 高等数学,日语 专业摄影 艺术鉴赏 古典文学,我觉得吧学习技能分三个阶段，首选是找到合适的换客，然后呢就是线上交流，然后就是开始学习。,上海,男
劲原,保密,心理咨询,中医 舞蹈 烹饪 英语 绘画 音乐,加微信备注技能交换,深圳,女
黑猫龟苓膏,18岁,日语,吉他,,上海,女
匿名网友,保密,联系方式 152 4247 7495,联系方式 152 4247 7495,大东区,沈阳,保密
葵,保密,粤语,绘画 设计,,湛江,女
Megan,保密,编程 C++ java,日语,,深圳,女
nicole80,保密,平面设计PHOTOSHOP,英语外贸语言,性格开朗，喜欢交朋友，并希望能学到一技之长~！,厦门,女
yaafei,保密,韩语 英语,什么都行,,美国,女
Tetriss,保密,英语语法 英语口语 川菜,Ps 摄影,认真就好。,成都,女
匿名网友,保密,10佳主持人 朗诵 如何克服紧张,钢琴弹唱 现代舞（非诚勿扰）,本人10佳主持人 ，非诚勿扰117期男嘉宾顾雅宁 ， 百度可以搜到我。 如确实有上述才能请联系我并打上同城交换 谢谢,天津,男
匿名网友,保密,炒菜 食品雕刻 西式甜品,什么都行 只要你会的,想让自己成为一个全能的稀有人才。认识我，你不会失望。我会把我会的全部教给你。,北京,男
k,保密,粤语 英语（曾经雅思7 5）澳洲留学移民相关 到处玩玩玩经验分享？手工啥都会点 啥都不精,摄影 视频剪辑 ps 各种手工类 乐器 语言 反正啥都想学,,广州,女
好乐维修,保密,电脑维修,手机维修 办公设备维修,自己开了一家电脑维修店，希望能够多学点维修的手艺。,上海,男
匿名网友,保密,电脑专职淘宝和网络营销策划 ADWORDS竞价和SEO优化 想学关于这些方面的知识 如果你有别的技能也可以一起交流 如果你有优势货源可以一起创富,电脑专职淘宝和网络营销策划 ADWORDS竞价和SEO优化 想学关于这些方面的知识 如果你有别的技能也可以一起交流 如果你有优势货源可以一起创富,长安,东莞,保密
才不是猪呢,保密,什么也不会 追星算嘛日圈小透明 可以把我当垃圾桶听你吐槽,粤语 什么都可以想交个朋友,,北京,女
匿名网友,保密,教你 电脑维修 打印机维修 刻章技术,教你 电脑维修 打印机维修 刻章技术,新城,西安,保密
匿名网友,保密,期货交易 股票交易 投资理财 我还会做饭,开车 做生意,我是一名期货经纪人，想做期货的朋友或者想了解的朋友找我！,南京,男
Stelsh,保密,CET4 羽毛球 乒乓球 网球,粤语 销售 电脑 PS,我很喜欢运动，打球时我经常做的事。我现在还在上大学，希望大学毕业后可以到香港工作，所以要学好粤语，希望精通粤语的高手可以帮帮我哈~谢啦！！！！,厦门,男
张新新,保密,主修心理学 理财知识,英语口语,“一份感悟、一份思索、一份启迪、一份收获，Knowledge  is  power!,北京,男
匿名网友,保密,联系方式 QQ 917063052,联系方式 QQ 917063052,罗湖,深圳,保密
xieliy,保密,PS CAD 3DSMAX,粤语 CORELDRAW ILLUSTRATOR,每天都在苦苦地等待那个和我交换机能的人，莫非我等的就是你。,西安,男
酱油城,24岁,唱歌 PS基础 音频后期基础 3Dmax偏基础,视频后期制作 编曲 音频后期 配音,邮箱联系吧，其实也是QQ,沈阳,女
ken5950,保密,粤语 羽毛球 法律,金融 法律 拍卖,"本人是律师,熟悉法律诉讼；参加过拍卖培训，熟悉拍卖知识和程序，想多了解有关金融方面的知识。",深圳,男
jinxing,保密,PS,开车需要你有车 茶艺等你会的,我觉得这个技能交换网非常好，我会经常来这里看留言的，大家有什么话就尽管给我留言吧。真诚地期待能与大家互相学习，学到自己想学的知识。,北京,女
ajiu08,保密,编程,日语 英语口语 厨艺,每天都在苦苦地等待那个和我交换机能的人，莫非我等的就是你。,北京,男
zhuyeafei010,保密,篮球 乒乓球 散打搏击 招聘经验,任何有趣或有用的技能,家住九堡（下沙路杨公村公交站附近），希望结识多的朋友，互相学习；只要你觉得你有技能是可以得意的，我都原意接受。,杭州,男
lylgwy,保密,计算机 粤语 普通话 客家话,公务员面试,常常责问自己，学习了这么多年，好像进步的空间还很大嘛。你愿意和我共同进步么？,惠州,女
wisdom,保密,证券投资,各种不会的都想学,男  大度  多才    自认为的,广州,男
warbler,保密,计算机硬件游泳驾驶其他面谈,日语,我要学日语！,北京,男
匿名网友,保密,各种体育项目,想学交易舞,由于交际需要，本人想学交易舞， 希望能寻一位耐心的女孩传授， 你有什么需要， 我们可以详细交流。 qq183741556，加的时候说明 交谊舞,怀化,男
啊哈,保密,健身 架子鼓 我会你不会的,摄影 你会我不会的,常常责问自己，学习了这么多年，好像进步的空间还很大嘛。你愿意和我共同进步么？,西安,男
Veronica,保密,驾驶 粤语 古筝 轮滑,钢琴 摄影 小提琴,常常责问自己，学习了这么多年，好像进步的空间还很大嘛。你愿意和我共同进步么？,惠州,女
Beckie,保密,PS AI CAD Rhino建模 Keyshot渲染 3dsmax基础操作 素描 国画书法在学 徒步穷游可以一起,英语口语 考研经验 其他有趣实用的技能,一个想做美术老师的设计师,宁波,女
保密,保密,,,,,保密
XYTOLY,保密,英语交流 英语应试,摄影 烹饪 法语,有兴趣的朋友，我们联系一下，共同进步！,洛阳,男
匿名网友,保密,开车 台球 CS,双截棍啊 双截棍,我在郑州，我非常想学双截棍，找骨灰级师傅，QQ ：9675963,郑州,男
宝丫头,保密,驾驶,舞蹈健身,常常责问自己，学习了这么多年，好像进步的空间还很大嘛。你愿意和我共同进步么？,北京,女
匿名网友,保密,对古玩有点兴趣 我会点美容 美发 足疗,钢琴 电子琴 拉丁舞,从小对乐器赶兴趣。一直没机会。和金钱。如果你会。我们交换吧,青岛,女
孩子他爹,保密,驾驶 烹饪 网络,摄影 股票 什么都行,我觉得吧学习技能分三个阶段，首选是找到合适的换客，然后呢就是线上交流，然后就是开始学习。,郑州,男
humeng,保密,JAVA编程 IT技能 计算机应用软件的维护,我不会的都行,本人谢绝一切推销，愿大家平等真诚地互相交换技能。最近偶尔去 技能交换俱乐部 里玩玩，有空去找我吧。,西安,男
wbzh,保密,LINUX 计算机维护 ARM C C++,还没有想好,我觉得吧学习技能分三个阶段，首选是找到合适的换客，然后呢就是线上交流，然后就是开始学习。,西安,男
bird093,保密,PS 厨艺 网页制作 网店,英语 服装搭配,我觉得这个技能交换网非常好，我会经常来这里看留言的，大家有什么话就尽管给我留言吧。真诚地期待能与大家互相学习，学到自己想学的知识。,西安,女
匿名网友,保密,理论 实践,实践,我用运动，饮食，睡眠等方法，使自己，一月长了2厘米,西安,男
匿名网友,保密,医学知识 游泳,英语 汽车驾驶,学汽车驾驶的，要求对方有车，可以付费，日付！,西安,男
赵乐乐,保密,电脑维修以及网络维护,英语交流,我觉得吧学习技能分三个阶段，首选是找到合适的换客，然后呢就是线上交流，然后就是开始学习。,西安,男
更新自己,保密,普通话 演讲 主持,ps 传媒管理 英语,,西安,男
圆梦网上兼职赚钱,24岁,淘宝网店怎么开 一台电脑即可在家创业 轻松开网店,有谁想开网店的吗？,公司是一个淘宝培训机构，专业从事淘宝事业，有专业的老师，专业的团队来帮助个人在网上开店创业，个人对淘宝不懂不会，没关系，我们负责培训，把你教会。你加盟--公司帮你注册网店等-教你网店的技术----你卖自己网店的商品，公司给你提供进价，售价自己定---卖出去后--联系公司客服并交进价---客服通知厂家发货---消费者收货--完成交易 没有货源，公司给你免费提供上万件单品任你销售，并且产品数据包已经全部做好，你只需下载上传到网店销售就可以了。卖出去，不用担心，公司发货，售后问题，公司帮你解决。 店铺的注册、认证、推广、装修、管理铺货，交易结算，营销技巧、手段、策略等等公司都会有系统的培训。 简单的说就是，你只需在家经营自己的网店挣钱就可以了，其他的事情我们都会帮你解决的。 针对于外地的学员，我们可以通过电脑上的远程指导配合语音一起讲解，另外公司还做有网店的视频培训，也可以使用。,西安,男
感悟人生,35岁,开车 计算机软件开发 炒股,英语口语,本人有车,西安,男
snipereliter,29岁,英语 翻译,c语言编程 其它语言,我是一名职业英语翻译，专业八级多年前过的，多年职业翻译经验，可教你英语相关一切，包括翻译；你需是编程高手，语言不限，c语言更好！本人有基础。,西安,男
青霜,17岁,英语 英语口语 托福 烧菜 合格的倾听者,SAI PS 视频剪辑 绘画 交个朋友也好,,西安,女
KarenLi,保密,粤语 唱歌 英语的听说读写,韩语 俄语 任何乐器,我个性较内向，善解人意，兴趣广泛，积极进取，为人诚实好学，脚踏实地，认真勤奋，善于发掘别人的优点，喜欢结交社会各界的朋友，希望能和各位互相学习，共同进步！,佛山,女
匿名网友,保密,套路 散打 格斗,网上开店 或 跳舞 交友,想学习少林武术，就联系我。我一般六点下班。,开封,男
yushu,保密,驾驶 工程资料,英语 其它 预算,本人谢绝一切推销，愿大家平等真诚地互相交换技能。最近偶尔去 技能交换俱乐部 里玩玩，有空去找我吧。,成都,女
适度深蓝,保密,会计,英语 管理,本人毕业于贵州财经学院会计专业  现从事会计工作,黔东南苗族侗族自治州,女
匿名网友,保密,联系方式 QQ 1592911239,联系方式 QQ 1592911239,皇姑区,沈阳,保密
joannazj,保密,英语,游泳,每天都在苦苦地等待那个和我交换机能的人，莫非我等的就是你。,北京,女
krefeld,保密,计算机,法语,每天都在苦苦地等待那个和我交换机能的人，莫非我等的就是你。,西安,男
gb286238,保密,英语 乒乓球,英语及其他,我想练习英语口语，有意向的请联系我！,宜昌,女
shifuzh,保密,股票 期货,网站推广,本人从事金融3年，现在在期货行业。,北京,男
1518,保密,驾驶 沟通 心理辅导,英语口语,外表冷漠，内心狂热,牡丹江,男
匿名网友,保密,开车 烧饭 虽然本领不高 会的也不多,平面设计 你会的就好 反正我要学的很多,呵呵呵呵呵呵呵呵呵呵呵呵,上海,女
Today明,保密,汽车维修 汽车改装等一系列的汽车技术,英语 街舞 BBOX 说唱,我向来不觉得女生比男生差多少能力,北京,女
zers3,保密,计算机 网页,销售,我是一个爱学习的人，真诚地期待有人可以和我互相学习。,攀枝花,男
匿名网友,保密,CAD PS 办公软件 有四年的从业时间,关于3D一切 急想学,除了3D，其它软件我都会，现在跳槽了，所以急学，交学费也可以，只要你技术过硬,太原,女
曾经是老兵,保密,驾驶 汽修 护卫 校园保卫 行政执法,英语 吉他 韩语 厨艺 声乐,希望相互提高自身水平。除了自己想交换的技能外，希望能找到一些志同道合的朋友，性别、年龄不限，大家共同提高！,昆明,男
isoddy,保密,游泳 普通话 CAD 睡懒觉,英语 PS 社交等等只要能使人进步的东西都行,我觉得这个技能交换网非常好，我会经常来这里看留言的，大家有什么话就尽管给我留言吧。真诚地期待能与大家互相学习，学到自己想学的知识。,深圳,男
alvajia,保密,英语 游泳 象棋,德语,每天都在苦苦地等待那个和我交换机能的人，莫非我等的就是你。,温州,女
zhan3,保密,游泳 驾驶 计算机 PPT 人际交往技巧 COGNOS,历史 人生阅历 在职研究生信息 煤炭开采 未来,    丰富的人生阅历，积极的进取精神，希望找到志同道合和朋友，一起开拓新的人生！,北京,男
witoria,30岁,网络开店 英语,西班牙语,,青岛,女
wdxsun88,保密,电脑维护 期货技术 我会股票,英语 外贸 交谊舞 开车技术,把我会的教给你。希望你会的也能教教我。大家共同进步。,深圳,男
haibing,保密,AUTOCAD UG CNC编程 POWERMILL 吸塑设计,英语 日语 塑模设计,我觉得这个技能交换网非常好，我会经常来这里看留言的，大家有什么话就尽管给我留言吧。真诚地期待能与大家互相学习，学到自己想学的知识。,深圳,男
捏型照影,保密,艺术 雕塑,随便,常常责问自己，学习了这么多年，好像进步的空间还很大嘛。你愿意和我共同进步么？,北京,男
29041389,保密,乒乓球,英语 舞蹈,共同学习，共同进步！加油！！！,北京,女
呀哈,保密,粤语（母语） 西南官话 普通话,英语 emmmm大家交个朋友吧,本人懒癌晚期，来相互督促学习吧！,长春,女
匿名网友,保密,做饭 玩 旅游 很多技能都不会,游泳 CAD 英语等等我不会的,想学自己不会的。互相努力学习。,西安,女
shinuy,保密,粤语 初级韩语 初级陶埙 护肤 pr视频剪辑 倾听,英语口语 韩语 视频剪辑 PS,交个朋友吧,广东,女
apollo,保密,计算机 摄影 PHOTOSHOP AUTOCAD,好玩即可,我就是我了,杭州,男
dahema,保密,粤语 篮球 乒乓球,电脑维修 手机维修,我觉得吧学习技能分三个阶段，首选是找到合适的换客，然后呢就是线上交流，然后就是开始学习。,天津,男
阿皮哥哥,保密,驾驶,自己不会的,大家好,沈阳,男
糖豆,保密,粤语 烘焙 国际象棋 英语 普通话二甲,外语 Photoshop 画画 只要是我不会的都ok,,广州,女
N110119,保密,按摩 中医养生 易经,书法 武术 太极拳,，,北京,男
WAQ,保密,做饭 插花,商务英语 与人交往的技巧,HI：大家好，我是一个有点内向的人。希望你能帮我，谢谢！,惠州,女
gatha,保密,英语 游泳 中文教育,外语 (最好是法语 其它语种也不错),"我擅长教人说中文，希望能找到在家附近，找到合适的人，交换学习任何一门外语(最好是法语,其它语种也不错)。欢迎与我联系。",深圳,女
匿名网友,保密,PHOTOSHOP 绘声绘影 电脑基本维护,英语口语,本人最近在自学英语，想找一个能一起英语对话的人,厦门,男
葡萄柚子,保密,拉丁 四川话 专业化妆 发型 河南话 南通话 桑巴 策划设计 嘀嘀 如皋话,摄影 烹饪 舞蹈 绘画 音乐 乐器 拳击 方言 等等什么都可以,本人女  奔3的人了。。专业化妆老师  兴趣广泛  聪明好学  刻苦用功（自认为哈）,南通,女
鹏鹏怕寂寞,保密,陪你玩游戏 陪你聊天 隔空请你喝奶茶 四川话贼溜,英语口语 钢琴 交朋友 ps ae后期,,海口,男
匿名网友,保密,吉他,吉他,本人在北大学成上学，比较喜欢吉他，目前自己在学校开了琴行，欢迎朋友们前来弹琴,郑州,男
周周007,保密,驾驶 做饭,基础英语,本人谢绝一切推销，愿大家平等真诚地互相交换技能。最近偶尔去 技能交换俱乐部 里玩玩，有空去找我吧。,北京,男
匿名网友,保密,吃喝本人男 是烧烤 卤水师想找一想开卤水店的朋友合作,吃喝本人男 是烧烤 卤水师想找一想开卤水店的朋友合作,吴中区,苏州,保密
贝贝可可希,保密,化妆 服装方面,化妆 跳舞 白话 英语基础 学会怎样和人沟通,我喜欢化妆和唱歌，逛街有相同爱好的可以聊聊,深圳,女
匿名网友,保密,建筑知识 游泳 围棋 象棋 电脑 开车等一点点,英语,一直没学会，想利用业余时间把英语再学学。,北京,男
erbaiwu,保密,电子维修 会一点烹饪,笔记本电脑维修技术,酷爱专研电子产品,直辖级行政单位,男
匿名网友,保密,基础理财知识 保险 证券,什么都可以 只要你会的,以交友互相学习为主，有兴趣可以联系我！,郑州,男
毕作栋,保密,陈氏太极拳,电脑网络,"本人热爱生活,喜欢学习,热爱运动,希望自己的人生丰富多彩,交换适合自己的技能,希有诚意者联系,",北京,男
xiong357,保密,计算机 开车 篮球,英语,每天都在苦苦地等待那个和我交换机能的人，莫非我等的就是你。,泉州,男
路边兔子,保密,驾驶 首饰制作,英语 日语 粤语 五笔,每天都在苦苦地等待那个和我交换机能的人，莫非我等的就是你。,绍兴,男
qq55,保密,电脑维修打印机维修网络维护,英语,我是一个爱学习的人，真诚地期待有人可以和我互相学习。,西安,男
lang66,保密,网页制作 FLASH 办公自动化 网络维护,英语 会计 职业规划,每天都在苦苦地等待那个和我交换机能的人，莫非我等的就是你。,东莞,男
moka1992,23岁,素描 色彩 画画 写作 美术 设计 唱歌 PS AI 3DsMax premiere SonyVegas 影视评论 英语 日语,足球 摄影 网页制作 影视特效 健身,,南京,男
liaoqi,保密,古蔺小吃,学习,常常责问自己，学习了这么多年，好像进步的空间还很大嘛。你愿意和我共同进步么？,泸州,男
匿名网友,保密,平面设计PS ILLUSTRATOR CAD 办公软件等等,会计和不会的,本人从事平面设计五年，有着丰富的工作经验。,济宁,男
jack1988,保密,英语,摄影,&amp;nbsp; &amp;nbsp; &amp;nbsp; &amp;nbsp;,乌鲁木齐,男
tandge,保密,PHOTOSHOP 编程 3DSMAX,气功,常常责问自己，学习了这么多年，好像进步的空间还很大嘛。你愿意和我共同进步么？,杭州,男
liuqiang,保密,移动云计算培训,开淘宝店,我觉得这个技能交换网非常好，我会经常来这里看留言的，大家有什么话就尽管给我留言吧。真诚地期待能与大家互相学习，学到自己想学的知识。,重庆,男
derbydai,保密,英语 计算机 篮球 乒乓球,吉他 画画 轮滑 着装,热心&amp;nbsp; 好学，兴趣广泛，不过说话较少，希望能找个话多的一块侃,北京,男
匿名网友,保密,投资本人会工程（建筑 市政 道路 公路 园林 绿化 总平等）技能 管理 项目运作 会预决算经济控核 招投标 电脑（办公软件 CASS 7 0 CAD清单 资料等）换项合作（单包和管理）,投资本人会工程（建筑 市政 道路 公路 园林 绿化 总平等）技能 管理 项目运作 会预决算经济控核 招投标 电脑（办公软件 CASS 7 0 CAD清单 资料等）换项合作（单包和管理）,都江堰,成都,保密
匿名网友,保密,安全生产法及相关法律知识 25～30课时 试听 8～12课时 试听 倪文耀 200元 门 购买,安全生产法及相关法律知识 25～30课时 试听 8～12课时 试听 倪文耀 200元 门 购买,"海淀,五道口",北京,保密
icebeing,保密,英语,都行,互相帮助，真诚学习！,长春,男
zyqhack,保密,游泳 计算机,摄影 外语,我觉得这个技能交换网非常好，我会经常来这里看留言的，大家有什么话就尽管给我留言吧。真诚地期待能与大家互相学习，学到自己想学的知识。,宁波,男
KelvenFu,保密,服装设计 客家话 服饰搭配,英语 韩语,      本人性格开朗、热情、喜欢结识志同道合人士，本人现学的是服装设计，迫切想要学习一门语言技巧，希望有意者可以跟我交换知识，共享我们的技能。,广州,男
匿名网友,保密,简单CAD 等,英语口语,想学英语 一起学也行,南京,女
小鸟不依人,保密,肚皮舞 中医按摩 电子相册 专业美容 处理照片,KX 声卡驱动,还有家电维修基础 电脑基础 厨艺 千里诊病,松原,女
匿名网友,保密,投资理财现货黄金 咨询 开户 欢迎,随意,忘找到想做现货黄金白银的客户,武汉,女
pnsu27,保密,围棋 程序设计 陈氏太极 网络构建 信息项目 化学分析仪分,PS 财务 书法绘画 XML服务,我是一个爱学习的人，真诚地期待有人可以和我互相学习。,天津,男
紫幕山,保密,烹饪 乒乓球,英语口语 吉他 摄影,常常责问自己，学习了这么多年，好像进步的空间还很大嘛。你愿意和我共同进步么？,北京,男
匿名网友,保密,英语 网站营运 网站推广 数据分析,化妆 舞蹈 肚皮舞 拉丁舞 街舞,我是做电子商务网站运营的，工作外时间很充裕，想学跳舞，最好是拉丁或者肚皮舞，街舞也可以。有会化妆的美女教一下也可以，不过做网站运营和网络营销好像美女都不怎么感兴趣，所以作为女生，技能交换我有点弱势……嘿哈……,杭州,女
匿名网友,保密,音乐副教授钢琴视唱练耳基本乐理作曲,请有教育经验的朋友辅导小学生,我儿子13岁，学习困难，需要辅导小学课程。,杭州,男
匿名网友,保密,驾驶,随便 交朋友也可以~,汽车高级教练 可以陪驾 指导新手 要是没车 我有~可以带车培训 指导~,杭州,男
landge,保密,计算机 PS EXCEL OFFICE,摄影 室内设计,我觉得这个技能交换网非常好，我会经常来这里看留言的，大家有什么话就尽管给我留言吧。真诚地期待能与大家互相学习，学到自己想学的知识。,成都,男
goldli,保密,DELPHI SQL等程序设计,交个朋友 多个渠道,生活要多方面的。,杭州,男
匿名网友,保密,会开网店,网页制作,不想出门充值话费，有支付宝的朋友可以去我的网店空中充值话费。你也可以在我的网店里面买衣服。,柳州,男
东南,保密,内容运营 手工制作 无辣不欢 火锅终极爱好者,化妆 护肤 摄影 画画 书法 乐器 韩语 粤语……哎呀都行啦,,杭州,女
wolfy,保密,平面设计,工程预算,我是一个爱学习的人，真诚地期待有人可以和我互相学习。,乌鲁木齐,女
edisonjk,保密,英语,健身 乐器,英语专八，能和老外侃大山，希望对方专业健身和专业音乐,杭州,男
小璇2008,保密,瘦身减肥 立竿见影,英语口语 高尔夫,我觉得吧学习技能分三个阶段，首选是找到合适的换客，然后呢就是线上交流，然后就是开始学习。,保密,女
梦随心飞,保密,平面设计,摄影 韩语 网页设计 3D,本人做广告行业有两年了，平时有较多的业余时间，想学一些新的技能，有意的朋友请与我联系。,温州,男
超咪,保密,素描 居家烹饪,驾驶 篮球等 考研英语,年方24，中等个头，瘦，现居昆玉河畔曙光花园，浙江人。什么都略懂一二，不求甚解，素描功底十分扎实，以浙江省第十的美术专业成绩考入南京理工大学，毕业后进入上海盛大网络发展有限公司，后前往北京跟随前辈创业，目前决定考研，有具体问题请联系,北京,男
感动常在,保密,游泳 电脑 厨艺 演讲 朗诵,日语或其他国家语言,常常责问自己，学习了这么多年，好像进步的空间还很大嘛。你愿意和我共同进步么？,中山,男
rambo,保密,诗词 古文,法语,我觉得这个技能交换网非常好，我会经常来这里看留言的，大家有什么话就尽管给我留言吧。真诚地期待能与大家互相学习，学到自己想学的知识。,上海,男
bbsky,保密,计算机 摄像 非编,音乐 美术,常常责问自己，学习了这么多年，好像进步的空间还很大嘛。你愿意和我共同进步么？,武汉,男
匿名网友,保密,7年淘宝网店经验,能教我PS的更好,7年淘宝网店经验--能教我PS的更好,徐州,女
雨人恨雨,保密,乒乓球 计算机基础 高数 大学物理 量子物理 大学化学 固体物理 理综,英语,我是一个爱学习的人，真诚地期待有人可以和我互相学习。,南昌,男
panda86,保密,英语 粤语 唱歌 住房,钢琴 摄影 PHOTOSHOP 画画 开网店,我觉得吧学习技能分三个阶段，首选是找到合适的换客，然后呢就是线上交流，然后就是开始学习。,广州,女
匿名网友,保密,开车,按摩 推拿,找个老年技术 好的 男师傅    本人33岁 很喜欢按摩技术&lt;br /&gt;,沈阳,男
匿名网友,保密,波段操作 解套,我不会的,我会大盘分析，看主力动向，相互学习，共同进步,深圳,女
H2O2,保密,英语 量化交易,自媒体运营,,长沙,男
匿名网友,保密,日语 金融 股票 理财 EXCEL 摄影技巧 营销 哲学 翻译 羽毛球技战术 歌唱技巧,海森伯格不确定性原理 索罗斯量子基金原理,求学海森伯格不确定性原理、索罗斯量子基金原理以及两者之间的关系。&lt;br /&gt;,杭州,男
倚风渡,保密,法律 写作 辩论,日语,,北京,女
leo张,保密,PS 篮球 网页设计,都想学,i am leo,广州,男
liu66yu,保密,PS 篮球 网页制作 FLASH 计算机基础,日语 韩语 街舞 武术 跆拳道 滑板 柔道,"真心交朋友,用心去学技能!",济南,男
匿名网友,保密,网页制作 魔术 溜冰,钢琴,想学钢琴，不会的话交个朋友也可以,东莞,男
诚心诚意,保密,PS 篮球 简易韩语,游泳 公文写作,每天都在苦苦地等待那个和我交换机能的人，莫非我等的就是你。,郑州,男
eric_dzb,保密,PS 篮球 电脑维修 桌球,吉他 架子鼓,每天都在苦苦地等待那个和我交换机能的人，莫非我等的就是你。,广州,男
a5300155,保密,PS 篮球 办公软件 调侃,室内设计 市场策划,本人谢绝一切推销，愿大家平等真诚地互相交换技能。最近偶尔去 技能交换俱乐部 里玩玩，有空去找我吧。,连云港,女
童话本纪,保密,PS 篮球 写作 开网店 网络推广 开源系统建网站,英语 摄影 SEO CSS DIV SOHO外贸,一般在武汉江夏区，新洲阳逻，潜江好。非常勿扰，希望可以交到真心的朋友。,武汉,男
NIKE,保密,PS 篮球 乒乓球等 力量训练 体能 长袍,摄影 做饭 自动化,每天都在苦苦地等待那个和我交换机能的人，莫非我等的就是你。,无锡,男
hyd1985,保密,PS 篮球 乒乓球 书法 OFFICE 网络管理 ERP OA,人事管理类,学的多，精通的不算多、大部分为自学,苏州,男
zyc1986,保密,PS 篮球 PREMIERE 折纸,吉他 绘画 其他也行,用心交友,武汉,男
猿飞菖蒲,保密,PS 篮球 MAYA,吉他,纯交友的不要联系我，没那闲工夫。,上海,女
wawa0625,保密,PS 篮球 FLASH 视频剪辑 系统维护 SAP_ALL 果冻 爆米花 WINDOWS贼熟 自制MTV 奥尔良烤鸡翅 魔兽（APM250+）,英语,我觉得吧学习技能分三个阶段，首选是找到合适的换客，然后呢就是线上交流，然后就是开始学习。,深圳,男
你懂我,保密,PS 篮球 CAD制图 摩托车,什么都可以,喜欢生活，挑战自我,济南,男
ww3808,保密,PS 篮球 AUTOCAD NBA知识丰富,英语 驾驶 粤语,简单就好，但愿能交流技能,深圳,男
lkz123,保密,PS 篮球 3D室内效果图 电脑维护一般的软硬件网络问题处理,普通话 别的随便撒子都可以 篮球技术提高,现在做效果图渲染，掌握3DMAX&amp;nbsp; PS&amp;nbsp; CAD，周六周日双休无聊通常在金牛体育中心打球，有撒子需要技能交换的同学朋友父老乡亲都可以联系我。有需要直接加QQ·,成都,男
nba86,保密,PS 篮球,预算,每天都在苦苦地等待那个和我交换机能的人，莫非我等的就是你。,北京,男
Artist阳,保密,PS 篮球,英语,交流&amp;nbsp; 学习,哈尔滨,男
boncn19,保密,PS 策划 计算机维修 开店 陈列,无,本人谢绝一切推销，愿大家平等真诚地互相交换技能。最近偶尔去 技能交换俱乐部 里玩玩，有空去找我吧。,宁波,男
leoghost,保密,PS 策划 OFFICE办公软件 股票操作,我不介意你会什么听你讲讲你的故事也成,7年有余的市场及品牌营销经验，对省内部分市场有着一定的认知，对产品及品牌的定位、创意、上市推广、传播公关、市场运作管理有较为丰富的经验。有3年有余的项目主管经验，有良好的团队组织、沟通、协调及管理能力，能够领导团队快速的落实公关、传播、推广活动。了解TVC广告制作的相关细节。炒股是从02年开始的。软件么~就不说了，使用的顺溜太正常了~~,哈尔滨,男
归小晚,保密,PS 策划,其他 语言,就读于吉林艺术学院&amp;nbsp; 现大二&amp;nbsp;,长春,女
CZW,保密,PS 等等 AI CDR FH,油画 英语或软编基础 交友无所谓啦,常常责问自己，学习了这么多年，好像进步的空间还很大嘛。你愿意和我共同进步么？,厦门,男
bsajj,保密,PS 等平面设计相关,FLASH语言,暂无,福州,女
无烟,保密,PS 程序设计 网络组装,英语 驾驶 炒股,诚信交友,佛山,男
23073850,保密,PS 社会人文学,网站建立及维护,常常责问自己，学习了这么多年，好像进步的空间还很大嘛。你愿意和我共同进步么？,成都,男
mavie,保密,PS 画画 设计 装饰 胡思乱想,钢琴 家装 装饰,本人谢绝一切推销，愿大家平等真诚地互相交换技能。最近偶尔去 技能交换俱乐部 里玩玩，有空去找我吧。,福州,男
20062288,保密,PS 画画 服装设计 AI 穿衣打扮,上海话,本人是服装设计师，近期因为工作需要，急需学上海话，服装设计、画画、穿衣打扮、色彩搭配、PS、coreldraw、AI  等有关服装与设计的知识都是我掌握技能。我希望的技能可以帮助到你，期待你的出现。。。。。谢谢！！！,上海,男
伪装,保密,PS 画画 旅游,网页制作 喝歌,我觉得这个技能交换网非常好，我会经常来这里看留言的，大家有什么话就尽管给我留言吧。真诚地期待能与大家互相学习，学到自己想学的知识。,澳门,男
橙子QQ,保密,PS 画画 FLASH 轮滑 AE COOL EDIT,英语 普通话 跑酷,正儿八经的  加我！,武汉,男
sflying,保密,PS 画画 FLASH 电脑绘图,吉他 音乐 乐器,本人谢绝一切推销，愿大家平等真诚地互相交换技能。最近偶尔去 技能交换俱乐部 里玩玩，有空去找我吧。,北京,男
yoki_小赫,保密,PS 画画 CDR,什么都好,热爱学习,上海,男
gongyan,保密,PS 画画 CDR,很多,每天都在苦苦地等待那个和我交换机能的人，莫非我等的就是你。,成都,男
左右101,保密,PS 画画,网店 室内设计 建站,常常责问自己，学习了这么多年，好像进步的空间还很大嘛。你愿意和我共同进步么？,滨州,女
shytou,保密,PS 电脑维护 黑客技术 软件编程 网站建设推广,都可以,还行,兰州,男
anbmft,保密,PS 电脑维护 软件编程 网站开发 网站管理,电脑维护 学车 公司管理,一位很热心的人！！,厦门,男
yxin,保密,PS 电脑维护 平面设计CDR,CAD 室内设计 3D 等,"从事平面设计行业8年的资深设计师,精通印刷工艺  CDR、PS",西安,女
Laughing,保密,PS 电脑维修 闽南语 网络安全 电脑基本操作 搜索引擎优化,编程 网站建设 网络营销,平凡的世界，平凡的人。,福州,男
绝版公子,保密,PS 电脑维修 网店装修 安防 PGS追踪,英语 日语 韩语 平面设计 街舞,我是个什么都懂那么一点的又什么偶读不懂的人。。。希望能学到更多的东西。。。&amp;nbsp; &amp;nbsp; &amp;nbsp; 从小被人瞧不起过。。我想让他后悔。。。那就是我叔,温州,男
独立懂事,保密,PS 电脑维修 电子商务 CORELDRAW 驾驶技巧 美食料理 网站组建 9,吉他 绘画 素描 口琴 美术类,我觉得这个技能交换网非常好，我会经常来这里看留言的，大家有什么话就尽管给我留言吧。真诚地期待能与大家互相学习，学到自己想学的知识。,成都,男
qq99613,保密,PS 电脑硬件维修软件和系统安装卸载等,健身 外语 中医 美术 围棋,本人谢绝一切推销，愿大家平等真诚地互相交换技能。最近偶尔去 技能交换俱乐部 里玩玩，有空去找我吧。,衡阳,男
墨小武,保密,PS 电脑操作 论坛管理,英语口语 营销 人际关系 宣传,人比较内向，希望能学习点人际关系，开了间网店，希望能学一些营销技巧,苏州,男
霓霓偶,保密,PS 电脑操作 网络知识 CDR设计,摄影 开车 瑜伽 旅游 网页 或其他感兴趣的,我是做设计的，经常在网上瞎逛游，有需要的会尽力帮忙。,郑州,女
shf2914,保密,PS 电脑技术 手绘 插画 手机,PAINTER 3D制作,本人擅长手绘，插画以及电脑维修，手机软件等，希望找个同好或者会3D的朋友，互相学习，自我增值,保密,男
redball,保密,PS 电脑技术,多种吧,人到老，学到老,郑州,男
xshs040936,保密,PS 电脑 魔方 棋艺 WM,英语 街舞 跆拳道 圣经,我会：,北京,男
冰雪玲珑,保密,PS 电脑 音乐 中文,英语 韩语 服装搭配 钢琴还有小提琴,每天都在苦苦地等待那个和我交换机能的人，莫非我等的就是你。,哈尔滨,女
fuquan,保密,PS 电脑 闽南语 淘宝,开车 其它语言,我是来自福建泉州安溪的一名小伙子。愿以休闲的时光来研究生存技能。。。,泉州,男
caizixin,保密,PS 电脑 股票 CAD 期货 硬件维修,英语口语 驾驶 钢琴 韩语,学的挺多，用的挺少！除了编程，计算机方面会的最多，家装略懂。希望我的技能能有所作用，即使是你在用！,沈阳,男
單親媽媽,保密,PS 电脑 聊天 打扮 带小宝宝,古筝 跳舞 画画 心理 象棋都可以,高雅而古典的爱好,洛阳,女
yangzhen,保密,PS 电脑 羽毛球 乒乓球 设计 象棋 PHP 网站 网页 DW,英语 驾驶 股票 医学 其他,希望和你一起学习    沟通    丰富我们的生活,北京,男
lovejob,保密,PS 电脑 网页 网络维护,英语 日语 韩语 舞蹈,精通个人pc电脑，网络维护初级  网站 网页初级  想学外语  以及业余舞蹈  擅长乒乓球 足球 都很不错 希望可以帮到大家,太原,男
afyjh,保密,PS 电脑 网络,汽车驾驶,电脑工程师，精通电脑软件和硬件。开过电培训班。,吉安,男
lzjpp,保密,PS 电脑 网球 魔术 魔方 腾讯游戏 念力 聪明,太极拳 客家话 有趣的,聪明的摩羯座与敏感的肖羊是无可匹敌的!,佛山,男
lyx007,保密,PS 电脑 网店 NET,英语 韩语 绘画,每天都在苦苦地等待那个和我交换机能的人，莫非我等的就是你。,广州,男
5never17,保密,PS 电脑 编程 办公软件 五笔,英语 其他我感兴趣的,&amp;nbsp; &amp;nbsp; &amp;nbsp; 喜交朋友，非诚勿扰。,郑州,男
stone11,保密,PS 电脑 编程 中医,股票 金融理财 其他有意义的 中医爱好者交流,我觉得这个技能交换网非常好，我会经常来这里看留言的，大家有什么话就尽管给我留言吧。真诚地期待能与大家互相学习，学到自己想学的知识。,北京,男
hyz2011,保密,PS 电脑 维修 模仿秀 反串秀,英语 CAD 导演 小国语言,能熟练运用Photoshop、CorelDRAW、Office、Powerpoint、方正飞腾相关软件！能对电脑的软硬件做基本维修维护工作！&amp;nbsp;,九江,男
willie,保密,PS 电脑 绘画 素描 设计 油画,英语 英语口语,我是一个爱学习的人，真诚地期待有人可以和我互相学习。,上海,男
shaolin,保密,PS 电脑 绘画 书法 法律 宣传 散打擒拿,VB编程 其他艺术都行,我是警校本科的，现在急于计算机考试（自学中），希望能交到一起交流提高的朋友，有诚意者可以加我Q271781621.期待中。。。,广州,男
tyz120779094,保密,PS 电脑 绘画 CAD 设计 3DMAX 手绘效果图技法,英语 人脉 摄影知识 动漫制作 电影制作,常常责问自己，学习了这么多年，好像进步的空间还很大嘛。你愿意和我共同进步么？,湘潭,男
sch131,保密,PS 电脑 篮球 素描,驾驶 理财 厨艺 印刷,我觉得吧学习技能分三个阶段，首选是找到合适的换客，然后呢就是线上交流，然后就是开始学习。,南京,男
lxqcy,保密,PS 电脑 电气,ASP_NET,我是一个爱学习的人，真诚地期待有人可以和我互相学习。,广州,男
o尐熊o,保密,PS 电脑 电子琴 不织布等,吉他 烹饪 我不会的都可以,福清本城的，最近比较想学吉他，有没有会吉他。所有我会的，都可以交换。,福州,女
vleang,保密,PS 电脑 汉语 软件 声音处理,英语 网页制作,常常责问自己，学习了这么多年，好像进步的空间还很大嘛。你愿意和我共同进步么？,渭南,男
jmbp,保密,PS 电脑 普通话 基础素描,速写 插画 平面构成,现在在自学插画，对一些美术的基础知识比较缺乏，求大虾相助~也希望我的技能能帮到你,广州,女
打伞,保密,PS 电脑 散打 网站销售及制作,日语 驾驶 韩语 烹饪 管理,总觉得自己必须得充实自己，大家一起来加油！希望这不仅仅是一个交流知识的平台，更希望我们可以成为好朋友，&amp;nbsp; 期待你们的到来...,乌鲁木齐,男
playcold,保密,PS 电脑 拍照 网站编辑 手机评测,英语口语 西班牙语 好玩的,某门户网站手机频道编辑一名，擅长码字、PS图片、拍照，对手机相关知识非常了解。对手机感兴趣，或者有兴趣做网站编辑的朋友可以加我QQ  前提是得英语口语不错：）,北京,男
雨夜无痕,保密,PS 电脑 开车 吹牛,钢琴 摄影 烹饪,最好同城，有兴趣E-MAIL联系,泰州,男
wahnr,保密,PS 电脑 化妆 唱歌 厨艺,吉他 摄影 瑜伽 跳舞,本人谢绝一切推销，愿大家平等真诚地互相交换技能。最近偶尔去 技能交换俱乐部 里玩玩，有空去找我吧。,南京,女
kly6515,保密,PS 电脑 乒乓球 笛子 GIS RA,钢琴 吉他 太极,本人谢绝一切推销，愿大家平等真诚地互相交换技能。最近偶尔去 技能交换俱乐部 里玩玩，有空去找我吧。,北京,男
meho,保密,PS 电脑 中文 英文,游泳 股票 化妆 开网店,常常责问自己，学习了这么多年，好像进步的空间还很大嘛。你愿意和我共同进步么？,沈阳,女
wicky,保密,PS 电脑 中文,日语 吉他 跆拳道,1,上海,女
boby,保密,PS 电脑 PHP 外汇,英语 驾驶 吉它 礼仪 你所会的,25岁，男，东莞南城，湖南人，IT行业工作,东莞,男
jinwang,保密,PS 电脑 OFFICE软件,PS,每天都在苦苦地等待那个和我交换机能的人，莫非我等的就是你。,湘潭,男
sunshao,保密,PS 电脑 FLASH 3DMAX 网站 AE DREAMWEAVER PREMIERE,素描,"photoshop&amp;nbsp; 3Dmax&amp;nbsp; Premiere&amp;nbsp; AE&amp;nbsp; Dreamweaver&amp;nbsp; Flash&amp;nbsp; 这几个软件我都会,,",长沙,男
石头记,保密,PS 电脑 CAD 篮球 FLASH 广东话 英语等 所掌握的技能,做网站 学开车 要交换的技能,每天都在苦苦地等待那个和我交换机能的人，莫非我等的就是你。,昆明,男
208flysky,保密,PS 电脑 CAD 篮球 FLASH 广东话 英语等,日语 法语 俄语 学开车 葫芦丝等,我觉得这个技能交换网非常好，我会经常来这里看留言的，大家有什么话就尽管给我留言吧。真诚地期待能与大家互相学习，学到自己想学的知识。,昆明,男
Marcel33,保密,PS 电脑 CAD 乒乓球 台球,英语 英语口语,本人谢绝一切推销，愿大家平等真诚地互相交换技能。最近偶尔去 技能交换俱乐部 里玩玩，有空去找我吧。,苏州,男
Sylvia,保密,PS 电脑 CAD FLASH等,日语 钢琴 舞蹈 小提琴 跆拳道,电脑  PS  CAD  coreldraw等基本设计软件，,广州,女
茱丽叶,保密,PS 电脑 CAD CDR,英语 摄影 化妆 开车 瑜珈,希望能借助这个平台认只更多的朋友，学更多的东西。,深圳,女
qiang,保密,PS 电脑 CAD 3D,英语 游泳,我觉得吧学习技能分三个阶段，首选是找到合适的换客，然后呢就是线上交流，然后就是开始学习。,南昌,男
炫锋09,保密,PS 电脑 AUTOCAD 建网站 会计CORELDRAW,英语 驾驶,"本人是广东客家人，有多年的电脑教学经验，做过会计，电脑培训,做过网站设计等",广州,男
kone3,保密,PS 电脑 AE 影视后期 PR EDIUS,MAYA MAX C4D,常常责问自己，学习了这么多年，好像进步的空间还很大嘛。你愿意和我共同进步么？,北京,男
haifeng55,保密,PS 电脑,英语口语,我觉得吧学习技能分三个阶段，首选是找到合适的换客，然后呢就是线上交流，然后就是开始学习。,深圳,女
小让307,保密,PS 电脑,摄影,本人谢绝一切推销，愿大家平等真诚地互相交换技能。最近偶尔去 技能交换俱乐部 里玩玩，有空去找我吧。,三门峡,男
sxwutai,保密,PS 电脑,CAD 3DMAX,常常责问自己，学习了这么多年，好像进步的空间还很大嘛。你愿意和我共同进步么？,太原,男
caoxin,保密,PS 电脑,钢琴,还算好,武汉,男
dingsr,保密,PS 电子商务 基本电脑维修 会点粤语,英语 财务 C语言 蓝球,&amp;nbsp; 本人电子商务专业毕业&amp;nbsp; 来深圳二年了&amp;nbsp; 希望多掌握点技能&amp;nbsp;,深圳,男
faceyq,保密,PS 电子商务 互联网知识 星际争霸,羽毛球 电子商务,本人谢绝一切推销，愿大家平等真诚地互相交换技能。最近偶尔去 技能交换俱乐部 里玩玩，有空去找我吧。,北京,男
fanlin,保密,PS 瑜伽 中文,英语,我觉得这个技能交换网非常好，我会经常来这里看留言的，大家有什么话就尽管给我留言吧。真诚地期待能与大家互相学习，学到自己想学的知识。,南京,女
天赐,保密,PS 理财 写作 编辑,钢琴 住宿 人脉 或其他实用的,本人谢绝一切推销，愿大家平等真诚地互相交换技能。最近偶尔去 技能交换俱乐部 里玩玩，有空去找我吧。,北京,男
fordyy11,保密,PS 物理 翡翠鉴定 青花,古玩鉴定,我觉得这个技能交换网非常好，我会经常来这里看留言的，大家有什么话就尽管给我留言吧。真诚地期待能与大家互相学习，学到自己想学的知识。,天津,男
Kaka218,保密,PS 物流 贸易 英 粤 国语,日语 吉他 法语 口才,常常责问自己，学习了这么多年，好像进步的空间还很大嘛。你愿意和我共同进步么？,深圳,女
1713554,保密,PS 烹饪 计算机应用 计算机维修 电气自动化应用知识,感兴趣什么都行,黑夜的猫,呼和浩特,男
linyucao,保密,PS 烹饪 羽毛球 篮球 乒乓球 网页设计 足球 文学 排球,英语 英语口语 平面设计 项目管理,我是一个爱学习的人，真诚地期待有人可以和我互相学习。,杭州,男
lelezj,保密,PS 烹饪 网球古筝初级,外语,我觉得这个技能交换网非常好，我会经常来这里看留言的，大家有什么话就尽管给我留言吧。真诚地期待能与大家互相学习，学到自己想学的知识。,上海,女
bvit,保密,PS 烹饪 绘画 旅游,摄影 开车 心理学 英文,我觉得这个技能交换网非常好，我会经常来这里看留言的，大家有什么话就尽管给我留言吧。真诚地期待能与大家互相学习，学到自己想学的知识。,广州,女
鲜花朵朵开,保密,PS 烹饪 绘画 建筑制图CAD,游泳 驾驶 舞蹈,本人谢绝一切推销，愿大家平等真诚地互相交换技能。最近偶尔去 技能交换俱乐部 里玩玩，有空去找我吧。,孝感,女
cocobean,保密,PS 烹饪 绘画 唱歌 C JAVA编程 J2EE C加加编程,健身 跆拳道 防身术,我是一个爱学习的人，真诚地期待有人可以和我互相学习。,北京,女
lolali,保密,PS 烹饪 素描 油画,烹饪 乐器 外语 设计,兴趣广泛&amp;nbsp; 博而不精&amp;nbsp; &amp;nbsp; 呵呵,上海,女
果冻布丁,保密,PS 烹饪 画画 电脑办公 网游 心理聊天 网购网店,韩语 乒乓球 书法,我爱好很多，性格开朗，善于聊天，希望能和你交换技能，我想交换的技能里韩语是没有基础的，其他两个我有中等基础。当然，如果你和我差不多，我们也可以共同学习、进步。,合肥,女
mynameis,保密,PS 烹饪 电脑维修技术,散打搏击,每天都在苦苦地等待那个和我交换机能的人，莫非我等的就是你。,哈尔滨,男
灵心清韵,保密,PS 烹饪 瑜伽 FLASH,各种小吃美食,我会的很多。但很多都不专业。喜欢交友,深圳,女
candy13,保密,PS 烹饪 服装销售 服装采购 心理交流,瑜伽 跆拳道 及其他有用的技能,    开朗  随和！,深圳,女
wyy0806,保密,PS 烹饪 普通话 诗词,英语 日语 财会知识,平平常常&amp;nbsp; &amp;nbsp; 爱看书,廊坊,女
zyx007,保密,PS 烹饪 开车 网页设计 网站制作,太极拳 糕点制作 米粉 浏览器兼容,在这个雍容与时尚并存的城市里面，找些与自己有些共同兴趣并有需要的朋友，共同探讨，让自己能够有所提升。,北京,男
crystal方,保密,PS 烹饪 外贸 英语六级 商务礼仪,粤语 西班牙语 跆拳道以及其他,谢绝一切推销。非诚勿扰。愿大家真诚、善意的交换彼此的技能！,广州,女
shs5599,保密,PS 烹饪 唱歌 CAD 心理学 什么都会点 电脑软硬件维修,目前是3DMAX 很,世界好大，人好复杂~开开心心&amp;nbsp; 学东西~,临沂,男
毛毛宠,保密,PS 烹饪 化妆 乒乓球 上海话 3DMAX 桌球 人力资源 浙江话,英语口语 法语 瑜伽 等,我觉得吧学习技能分三个阶段，首选是找到合适的换客，然后呢就是线上交流，然后就是开始学习。,上海,女
jinhui87,保密,PS 烹饪 化妆 CORELDRAW 服装,日语 英语口语 钢琴 投资理财,      大家好,深圳,女
狼狼MM6685,保密,PS 烹饪 书法 减肥 电影 美容护肤 帮助人解除烦恼,英语口语 摄影 3DMAX 国标舞 广告,"希望能找到志同道合的良师益友,我们可以共同进步",南宁,女
狼狼6685,保密,PS 烹饪 书法 减肥 电影 美容护肤 帮助人解除烦恼,英语口语 摄影 3DMAX 国标舞 广告,我是刚刚工作的大学毕业生。希望能学写东西提高自己的能力！并且可以交到志同道合的朋友,金华,女
shenyi,保密,PS 烹饪 CAD 旱冰 双节棍 CAXA UG建模,驾驶及其他东西儿,三人行必有我师。。。。。。,内江,男
婉安宝宝,保密,PS 烹饪 CAD 旅游 美食,化妆,想多学习一些，苦苦等待啊,无锡,女
smy19881119,保密,PS 烹饪 CAD 办公软件 设计理念,英语 开车,本人23岁，从事设计工作,苏州,女
1986325,保密,PS 烹饪 CAD 3DMAX AE SKETCHUP 等设计作图软件,钢琴 法语 开车 架子鼓,建筑设计师&amp;nbsp; &amp;nbsp; 26岁&amp;nbsp; &amp;nbsp; 身高180&amp;nbsp; &amp;nbsp; 酷爱&amp;nbsp; 绘画&amp;nbsp; &amp;nbsp; 设计&amp;nbsp; 游泳&amp;nbsp; 音乐&amp;nbsp; &amp;nbsp; 感觉能互相学习的男女朋友来电咨询~&amp;nbsp; QQ聊也可以,临汾,男
小睡一下,保密,PS 烹饪 CAD 3D,日语 韩语,我觉得吧学习技能分三个阶段，首选是找到合适的换客，然后呢就是线上交流，然后就是开始学习。,长春,男
小雨嘀嗒,保密,PS 烹饪 3D 效果图 照片美化,油画 预算 消防设计,常常责问自己，学习了这么多年，好像进步的空间还很大嘛。你愿意和我共同进步么？,天津,女
hu0101,保密,PS 烹饪,英语,在电视上看看到，真诚希望能找到可以共同进步的朋友。。,温州,女
150175,保密,PS 烹饪,平面设计,我觉得这个技能交换网非常好，我会经常来这里看留言的，大家有什么话就尽管给我留言吧。真诚地期待能与大家互相学习，学到自己想学的知识。,桂林,女
flonder,保密,PS 炒股 数学 做菜 DOTA 统计 JAVA VB C VF的基础编程,英语,常常责问自己，学习了这么多年，好像进步的空间还很大嘛。你愿意和我共同进步么？,昆明,男
LunaSea,保密,PS 漫画 网页 建筑建模,音乐 外语 美术,哈喽 这个网满足了我的好奇+好学，希望大家互相学习，共同进步！我已经成功和换友共同通过会计证考试！~are you the next one?,济南,女
MARY0825,保密,PS 漫画 平面,英语 游泳 粤语 舞蹈 唱歌,の····有人能教我唱首粤语歌嘛~~,北京,女
chendong,保密,PS 漫画 国画 景观设计 等设计软件 水粉水彩,英语 舞蹈,我是一个爱学习的人，真诚地期待有人可以和我互相学习。,成都,男
wuna,保密,PS 游戏制作CAD及效果图等 计算机运用3DMAX,英语 舞蹈类,常常责问自己，学习了这么多年，好像进步的空间还很大嘛。你愿意和我共同进步么？,杭州,女
q664853,保密,PS 游戏,美术 油画,我是一个爱学习的人，真诚地期待有人可以和我互相学习。,广州,男
jgszwf,保密,PS 淘宝 电脑方面的都知道点,摄影,我觉得吧学习技能分三个阶段，首选是找到合适的换客，然后呢就是线上交流，然后就是开始学习。,深圳,男
luckstar,保密,PS 测量,不会的,每天都在苦苦地等待那个和我交换机能的人，莫非我等的就是你。,长沙,男
9五2七,保密,PS 法语 绘画 AI CDR 视觉设计 首饰设计与制作,韩语 西班牙语,天天学习，好好向上！,长沙,男
daofeng,保密,PS 法律 乒乓 编辑,英语口语 或其他,本人谢绝一切推销，愿大家平等真诚地互相交换技能。最近偶尔去 技能交换俱乐部 里玩玩，有空去找我吧。,北京,男
ulreh,保密,PS 杂事,网站制作,本人姓曾，称我小曾吧，本人会计专业，从事过五年会计工作，后来做过两年的条友打印机业务，混上办事处经理，现在家电公司上班，从事日常杂事，包括仓库管理，部份电器采购，网站管理等，也会懂些PS，网页等知识，不精通，现想去报名学本本维修，望大家给予帮助支持！,福州,男
redliu1985,保密,PS 机械设计,吉他,常常责问自己，学习了这么多年，好像进步的空间还很大嘛。你愿意和我共同进步么？,无锡,男
西边日出,保密,PS 服装设计 面设计,英语 钢琴,专业是服装设计，现从事设计工作,宁波,女
辉色系,保密,PS 服装设计 手绘 鼠绘,英语 化妆,在真实面前，微妙是这样的幸福！&amp;nbsp;,济南,男
yxiu8,保密,PS 服装设计 手绘 电脑制图 不织布手工,街舞 手工,http://shop57110137.taobao.com/,北京,女
唐嘉璐,保密,PS 普通话 营销,英语 钢琴 街舞 什么都可以,加我QQ啊&amp;nbsp; &amp;nbsp; 晚上一般都在线,南阳,女
lingya,保密,PS 普通话 网页制作 五笔,什么都可以 只要是你擅长的,很喜欢这个网，想学的好多好多呀！希望可以共同分享哦！,台州,女
董郁,保密,PS 普通话 素描 油画 国画 色彩 平面,化妆 唱歌 跳舞 乐器 美容 厨师,,重庆,女
yan87,保密,PS 普通话 简单烹饪,英语 舞蹈 小提琴,每天都在苦苦地等待那个和我交换机能的人，莫非我等的就是你。,广州,女
Dansk,保密,PS 普通话 白话 烘培 西餐礼仪 英语口语好,驾驶 钢琴 摄影 外贸 园艺,家住禅城城中，希望能结识住在附近的MM,佛山,女
gaga123,保密,PS 普通话 电脑操作,摄影 工笔仕女 开饭馆,平易近人，自我意识,延安,女
yuanjian,保密,PS 普通话 电子商务 AI CDR,平面设计,本人谢绝一切推销，愿大家平等真诚地互相交换技能。最近偶尔去 技能交换俱乐部 里玩玩，有空去找我吧。,郑州,男
youyudx,保密,PS 普通话 朗诵,英语 日语 韩语 法语 平面设计,我是一个爱学习的人，真诚地期待有人可以和我互相学习。,武汉,女
心跳雨滴,保密,PS 普通话 开车 手机视频,韩语 街舞,我是个性格开朗的女孩，对各种新鲜事物都充满好奇，想学韩语，达到可以流利的交流程度！！,北京,女
mrDragon,保密,PS 普通话 开车 台球 街舞 网页制作 网页设计 FLASH 聊天 购物 DW POPPIN DIV+CSS,英语 日语 游泳 素描 漫画 SEO 服装 滑板 涂鸦,每天都在苦苦地等待那个和我交换机能的人，莫非我等的就是你。,北京,男
sanlimi,保密,PS 普通话 广告设计,股票 CAD 销售,本人谢绝一切推销，愿大家平等真诚地互相交换技能。最近偶尔去 技能交换俱乐部 里玩玩，有空去找我吧。,成都,男
半弧圆,保密,PS 普通话 客家话 CDR 办公,英语 钢琴 开车 上海话 AI,本人现居住在罗湖区国贸一带，希望学习的对象可以是附近的住友比较好，这样对大家的时间安排都方便。我有自己职业，一般只有周六日或的平时的晚上比较有空闲，如有意向交换的朋友请速速联系，谢谢！,深圳,女
onebyone,保密,PS 普通话 唱歌 CAD 篮球 乒乓球,英语口语 街舞 做生意 金融基础,希望交换技能的同时能多见识见识人  多交些朋友,北京,男
zwt117,保密,PS 普通话 台球 电脑软硬件 棋类 ILL,英语 股票 理财 网店 基金 网站建设维护,会的挺多  不知道能不能让你满意  不会的也挺多  尽心了我就满意~~~,上海,男
恩惠滴亲,保密,PS 普通话 办公软件 出纳,英语 粤语 会计,"因为想不断的充实自己,提高自己的技能,欢迎大家一起来加油.",佛山,女
zy826,保密,PS 普通话 办公软件,英语 跆拳道,我性格开朗，喜欢交朋友，不管怎么样，我都觉得说到是假，做到了才是真！,深圳,女
桃之妖妖,保密,PS 普通话 办公自动化 五笔打字 河南话 物流知识 商标注册,画漫画,本人谢绝一切推销，愿大家平等真诚地互相交换技能。最近偶尔去 技能交换俱乐部 里玩玩，有空去找我吧。,北京,女
miejao,保密,PS 普通话 做饭,英语,我觉得吧学习技能分三个阶段，首选是找到合适的换客，然后呢就是线上交流，然后就是开始学习。,深圳,女
山里人,保密,PS 普通话 书法 等软件,粤语,活泼，喜欢交朋友！,南昌,男
晓以明之,保密,PS 普通话 乒乓球 写作,上海话 意大利语,我现在四川农业大学读大三，很喜欢意大利，所以很想学意大利语，六月份要去上海看世博会，也希望学点上海话！&amp;nbsp; 我很擅长打乒乓球，也很喜欢看足球，最喜欢国际米兰！学了点简单的PS技术，希望可以帮到你。希望有兴趣的同学联系我！,雅安,女
鬼小韵,保密,PS 普通话 上海话 AI CDR 简单的CAD 简单的3D,粤语 烹饪 心理学 INDESIGN 电脑系统管理,主要会平面设计，平时宅家里就看动漫+悬疑片，还是BL控。对做菜和粤语开始有兴趣，加Q验证请+技能交换。,上海,女
yueyue1y,保密,PS 普通话 OFFICE CDR,英语口语,常常责问自己，学习了这么多年，好像进步的空间还很大嘛。你愿意和我共同进步么？,深圳,女
ichirazy,保密,PS 普通话 MAYA,英语 日语 粤语 架子鼓 其他的还没想好,偶然发现这个网站    希望能学点东西  期待和大家交换知识~,北京,男
liaogh,保密,PS 普通话 CDR,普通话,大家好，我是一个没有自信心的女孩，所学的专业是计算机，是一个中专毕业的，我的梦想是成为一个注册会计师，谢谢,亚洲,女
piao216,保密,PS 普通话 CAD 流利的英语口语,日语 粤语 舞蹈 3D,诚心想多学点东西,广州,女
wyn0504,保密,PS 普通话 CAD 景观设计 园林预算,英语 理财 美容,每天都在苦苦地等待那个和我交换机能的人，莫非我等的就是你。,上海,女
JoyceYan,保密,PS 普通话 CAD 室内设计 环境设计,街舞 瑜伽 有氧健身操,本人谢绝一切推销，愿大家平等真诚地互相交换技能。最近偶尔去 技能交换俱乐部 里玩玩，有空去找我吧。,深圳,女
fancee,保密,PS 普通话 CAD 办公软件 电脑维修 CORELDRAW 机械电子 小学中学数理教师,英语 摄影 烹饪 创业 开店,投桃报李 真诚交换,安康,男
马小月,保密,PS 普通话 CAD 3D 服装搭配,英语 游泳 吉他 韩语 开车 街舞 瑜伽 拉丁,不高 小号女人  长相平庸  真实人类存在,北京,女
幽谷咖啡,保密,PS 普通话 CAD,做饭 小提琴 3D,每天都在苦苦地等待那个和我交换机能的人，莫非我等的就是你。,西安,女
0718,保密,PS 普通话 AUTOCAD AI,3D MAX 装修材料,想OK了，再找我,杭州,男
xiaochai,保密,PS 普通话 3D EXCEL WORD CDR,英语 日语 韩语,每天都在苦苦地等待那个和我交换机能的人，莫非我等的就是你。,潮州,女
6410,保密,PS 普通话 3D AUTOCAD AI MAX CDR,MAX效果图,想OK了，再找我,杭州,男
蝶儿梦,保密,PS 普通话,FLASH,别的不多说，大家互相帮助,武汉,女
大砖头,保密,PS 普通话,钢琴 爵士舞 雷鬼,我好想学钢琴   好想学跳舞,上海,女
丸子学生,保密,PS 普通话,摄影 烹饪 美术,常常责问自己，学习了这么多年，好像进步的空间还很大嘛。你愿意和我共同进步么？,晋中,男
zc304598,保密,PS 普通电脑维修,3D 室内设计图建模,想学点室内设计3D的建模，真诚的交换的来~~~~~~~~,宁德,男
1986816,保密,PS 新闻学 修图,吉他 其他,我这段时间我是在北京这边上课 大部分时间都是自由分配 联系我的话可以手机短息哦,北京,男
Ai君,保密,PS 数码绘,英语 化妆 3DMAX,对于我来说`与其说交换机能`不如说共同学习`互相督促`把空闲的时候合适的利用起来``嗯``大家加油~ヾ(≧へ≦)〃,西安,女
duzhao,保密,PS 播音 JAZZ舞,英语 化妆,常常责问自己，学习了这么多年，好像进步的空间还很大嘛。你愿意和我共同进步么？,太原,女
paoao,保密,PS 插画 原画设计 UI视觉,中医 网店经验,    喜欢画画    喜欢设计  喜欢学习 喜欢问为什么,上海,男
粉嘟嘟,保密,PS 拉丁舞 OFFICE软件,吉他 爵士舞 现代舞,我觉得吧学习技能分三个阶段，首选是找到合适的换客，然后呢就是线上交流，然后就是开始学习。,九江,女
倾落羽,保密,PS 折纸 COSPLAY,英语 日语,其实不算很急。。所以就先这样吧！,厦门,女
woaini106,保密,PS 手绘插画,英语 钢琴 吉他,&amp;nbsp; &amp;nbsp; 我很喜欢钢琴&amp;nbsp; 但没时间&amp;nbsp; 别人说我手指短&amp;nbsp; 不适合&amp;nbsp; 希望那位能教我&amp;nbsp; 谢谢了&amp;nbsp;,西安,男
hevnz,保密,PS 手绘 设计软件,英语,我是一个爱学习的人，真诚地期待有人可以和我互相学习。,武汉,男
厂白小,保密,PS 手绘 素描等 绘画类 修图,音乐方面的钢琴电子琴,我觉得吧学习技能分三个阶段，首选是找到合适的换客，然后呢就是线上交流，然后就是开始学习。,济南,男
maple112,保密,PS 手绘 插画 涂鸦 高级调酒,烹饪 俄语,有换的加我Q,西安,男
战斗牛,保密,PS 手绘 3DSMAX 游戏美术,英语 炒股基础,每天都在苦苦地等待那个和我交换机能的人，莫非我等的就是你。,保密,男
我爱六道骸,保密,PS 手绘,摄影,本人谢绝一切推销，愿大家平等真诚地互相交换技能。最近偶尔去 技能交换俱乐部 里玩玩，有空去找我吧。,邯郸,女
牛牛很牛,保密,PS 手机软件,英语口语 Q币,我是一个爱学习的人，真诚地期待有人可以和我互相学习。,秦皇岛,男
mianbao,保密,PS 户外运动 计算机维护与维修 长途自驾 企业及个人融资 局域网应用与管理,英语口语 粤语,师范类计算机科学与技术专业毕业，拥有高级教师资格证书，学计算机你找对人了；,深圳,男
失落,保密,PS 性方面的专业知识,你所有的,大家好  我  来自湖南邵阳的  在  这里想学习学习,邵阳,男
zyjzyj,保密,PS 心理学 等等 很多 初步的 都是,所有,我觉得这个技能交换网非常好，我会经常来这里看留言的，大家有什么话就尽管给我留言吧。真诚地期待能与大家互相学习，学到自己想学的知识。,宁波,男
zzyym09,保密,PS 心理学 SW PEO E等 计算机设计CAD,我不会的,本人计算机辅助设计/产品造型设计专业，自考心理健康教育，爱好广泛&amp;nbsp; ，所有技能博而不专&amp;nbsp; 属于入门级别&amp;nbsp; &amp;nbsp;,南通,男
橘子猫,保密,PS 德语 AI,摄影 粤语 羽毛球 CAD 网页制作 太极 只要觉得有意思的,学无止境,上海,女
时尚妞妞,保密,PS 影视制作 专业拍摄,网店知识 淘宝经商,常常责问自己，学习了这么多年，好像进步的空间还很大嘛。你愿意和我共同进步么？,上海,女
jackkoe,保密,PS 影片剪辑 视频,音乐 随意 五线谱,常常责问自己，学习了这么多年，好像进步的空间还很大嘛。你愿意和我共同进步么？,柳州,男
华华面,保密,PS 影楼后期,英语 摄影 股票……点点点点~~,本人谢绝一切推销，愿大家平等真诚地互相交换技能。最近偶尔去 技能交换俱乐部 里玩玩，有空去找我吧。,南宁,男
sandboy,保密,PS 开车 闽南话 网络工程师 股票期货 商超管理,我感兴趣都可以,取走我所会的东西，留下你的会东东,泉州,男
timo233,保密,PS 开车 键盘,硬件知识 电脑高级,每天都在苦苦地等待那个和我交换机能的人，莫非我等的就是你。,抚州,男
TXZ,保密,PS 开车 网络 电脑系统 数据操作,都可以,择良友共同提升。。,深圳,男
zrstyle,保密,PS 开车 网站设计,开车技术不熟练 希望有机会练习,我觉得吧学习技能分三个阶段，首选是找到合适的换客，然后呢就是线上交流，然后就是开始学习。,深圳,女
cnishino,19岁,日语,法语,,合肥,女
周家公主,保密,不知道自己会啥,吉他 爵士鼓 画画,,广州,女
夏鹰,34岁,管家婆财贸双全软件 乒乓球 羽毛球 唱歌 奶油爆米花 照顾小孩,会计实操,交换时间，周天。或18点下班后。或节假日。,济南,女
桃子汽水,保密,英语口语 德语 化妆,韩语 Zbrush,,扬州,女
kou,22岁,日语,java,想学java，求大佬指点，我教你日语,西安,女
pheathon,保密,书法*国画工笔写意入门,英语*研友*ps,嘛……主要想找个人督促我学习 enn共同进步,重庆,女
盒子精,保密,打游戏 日语,打游戏,,遵义,男
KRRK,18岁,古筝十级,小提琴,古筝十级求换钢琴十级的？高三党，今年毕业了再开始，顺便理科党，希望找一个年龄差不多的小姐姐！非常想学小提琴了！有意的发短信给我吧！,福州,女
PSP,18岁,古筝,小提琴,\r\n古筝十级求换钢琴十级的？坐标鼓楼区，高三党，今年毕业了再开始，顺便理科党，希望找一个年龄差不多的小姐姐！非常想学小提琴了！有意的发短信给我吧！15980708732,福州,女
匿名网友,保密,设计 英语 乒乓球,财务 游泳等,边学边玩，这样比较进步好啊,南京,男
jolly823,保密,游泳 开车 咖啡制作 演讲技巧,摄影 炒股,学习是生活的常态，一起提高吧。,深圳,女
MrA,保密,金融投资实战,不限,多年实战，非经纪人。相互探讨投资相关，或者即时买卖指导，不做无意义市场分析。,重庆,女
地磅调解师,保密,地磅调解加减重量随意,本人不会的,每天都在苦苦地等待那个和我交换机能的人，莫非我等的就是你。,郑州,男
zhyaa,保密,计算机 CAD 淘宝开店,古筝 一门外语,我觉得这个技能交换网非常好，我会经常来这里看留言的，大家有什么话就尽管给我留言吧。真诚地期待能与大家互相学习，学到自己想学的知识。,杭州,女
chuzhang,保密,公务员笔试和面试,当领导,每天都在苦苦地等待那个和我交换机能的人，莫非我等的就是你。,泰安,男
disgress,保密,会计 PHOTOSHOP 普通话,摄影 韩语 设计,我想不断的学习，学习自己喜欢的一切，希望有有缘人帮助我，谢谢,安庆,女
匿名网友,保密,人力资源（招聘）,无所谓 交朋友,对人力资源掌握些知识经验，打算换工作可问我面试技巧。,天津,男
江郎十年,保密,粤语 外贸知识和实践技能,英语口语,常常责问自己，学习了这么多年，好像进步的空间还很大嘛。你愿意和我共同进步么？,广州,男
匿名网友,保密,联系方式 QQ 764615506,联系方式 QQ 764615506,北仑区,宁波,保密
卐静心长清卐,保密,按摩 针灸 风水 国学 佛学 易经 测字 儒学,武术 风水 人脉 奇门遁甲 事业 道教文化 佛学文化 预测技能,从小学习佛学文化，对佛道医儒武五大家的文化非常感兴趣，希望在这里可以找到志同道合的朋友，一起学习。,北京,男
cookies,保密,化妆 财务 形象,舞蹈 音乐 外语,我是一个爱学习的人，真诚地期待有人可以和我互相学习。,上海,女
jinle,保密,英语口语 篮球 中国象棋 JAVA编程 英文写作,舞蹈 西班牙语 魔术 按摩 手工 基金,乐观开朗，喜交朋友。  热于学习和交流,上饶,男
haouan,保密,羽毛球 篮球 吹水,所有都想学,"本人想多一D,你有什么专业知识都可以跟我交换的",中山,男
晓晓鱼,保密,钢琴 声乐 乐理 砍价 钢琴考级,英语 游泳 韩语 古筝 瑜伽,常常责问自己，学习了这么多年，好像进步的空间还很大嘛。你愿意和我共同进步么？,北京,女
mykeke,保密,英语 钢琴 绘画 心理学 笛子 古琴 管理学 箫,古筝 金融 投资 二胡 证券,如水的女子，入山林为泉为瀑；融百川为江为海。而悬于草尖为晶露。这就是我！,福州,女
匿名网友,保密,吕合金制作或安装,开车,真新找个师父教下给点学费也可以非诚无扰,杭州,男
clfybhh,保密,游泳 做菜 高中特色体育,其他也可以 主要驾驶,"22岁3无BOY,但有理想,有抱负,有上进心.主要找人交流哈,学习哈,成不成没关系,都可以交朋友的",武汉,男
匿名网友,保密,小提琴 乐理基础 视唱练耳,想学 意大利语 法语,要求精通意语或法语。本人亦可带小提琴 乐理 视唱家教。,兰州,女
net1860,保密,正宗九九鸭脖,不要求,我是一个爱学习的人，真诚地期待有人可以和我互相学习。,郑州,男
Leeroy,保密,烹饪 法语 DIY手工制作,目前还没想好,热爱学习    特长是生活 ,宁德,女
美丽瞬间,保密,驾驶 高中物理教学,日语 钢琴 家常菜,常常责问自己，学习了这么多年，好像进步的空间还很大嘛。你愿意和我共同进步么？,太原,女
匿名网友,保密,CAD PS 设计软件 办公软件 心理学等,会计实帐 普通话,我会做饭、CAD、PS、办公软件、设计软件、心理学等，想学普通话（你得普通话达到一级，至少得二甲，因为我是想考二甲证的）会计实帐（一般纳税人实帐和网上报税）最好是做过贸易公司实帐的；请各位仔细看。。。。如果你不想学我会的，或是不会我想学的，请绕道而行，请诚心！谢谢！,成都,女
leochen,保密,多样,多样,我觉得吧学习技能分三个阶段，首选是找到合适的换客，然后呢就是线上交流，然后就是开始学习。,北京,男
烟波柳渡,保密,英语六级 川菜 成都话专业十级,声乐,本人谢绝一切推销，愿大家平等真诚地互相交换技能。最近偶尔去 技能交换俱乐部 里玩玩，有空去找我吧。,北京,男
隗小语,保密,PHOTOSHOP 普通话 FLASH 英语语法 换书看 汉语言文字,股票 语言类,我觉得吧学习技能分三个阶段，首选是找到合适的换客，然后呢就是线上交流，然后就是开始学习。,北京,女
谭鹏举,保密,变脸 千术,没钱如何创业或是正道一技之长,只有我没见过的东西，没有我见过学不会的！,牡丹江,男
瞎猫M,保密,英语 艺术设计 素描水粉,钢琴 摄影 PS 经验 等等等,大学ing 想学多一点东西啊  欢迎联系~~~,北京,女
why100086,保密,古筝 太极 电工 踢毽子等,吉他 轮滑 针灸 推拿,活得充实点而已,潍坊,男
xgj0217,保密,游泳 驾驶 摄影,计算机维修 网络管理,常常责问自己，学习了这么多年，好像进步的空间还很大嘛。你愿意和我共同进步么？,合肥,男
匿名网友,保密,乐器联系方式 QQ 674537149 手机&lt SPAN STYLE=&quot FONT-SIZE 20PX FONT-WEIGHT BOLD&quot &gt 15900566546&lt  SPAN&gt (上海),乐器联系方式 QQ 674537149 手机&lt SPAN STYLE=&quot FONT-SIZE 20PX FONT-WEIGHT BOLD&quot &gt 15900566546&lt  SPAN&gt (上海),"嘉定,江桥",上海,保密
匿名网友,保密,做菜 首饰行业 面点制作,开网店,淘宝交流。开网店技巧。淘宝开店。淘宝知识。网点技术,广州,女
开到荼蘼,保密,英语 导游 高尔夫初级,篮球 架子鼓 爵士舞,  简单生活。。。,北京,女
匿名网友,保密,山东水煎包 汤包,卤菜,我会打山东水煎包，包汤包。&lt;br /&gt;,常州,男
fengling1996,保密,免费住房,出一家教,我觉得这个技能交换网非常好，我会经常来这里看留言的，大家有什么话就尽管给我留言吧。真诚地期待能与大家互相学习，学到自己想学的知识。,天津,女
冬子,25岁,足球,台球,等着你哦！,北京,男
鸭子唐唐,保密,英语 书法 C语言,摄影 法语 艺术 电脑编程,我觉得这个技能交换网非常好，我会经常来这里看留言的，大家有什么话就尽管给我留言吧。真诚地期待能与大家互相学习，学到自己想学的知识。,无锡,女
匿名网友,保密,陈式太极 拳 颈腰椎病调理,针灸,想学针灸技术。欢迎颈腰椎不好的朋友来汗蒸调理。销售移动式砭石汗蒸房。足浴桶,济南,男
Giraffe,保密,英语 医学知识 蛙泳,唱歌 乒乓球 武术,我大学学的是护理，懂些医学知识；在英孚学了一年英语，雅思平均6分；游泳还行吧,北京,女
落阎紫,保密,绘画 古筝 文学,照片处理 PHOTOSHOPS,我觉得吧学习技能分三个阶段，首选是找到合适的换客，然后呢就是线上交流，然后就是开始学习。,西安,女
杀大木,保密,理财 网店 运动 淘宝,英语 网页设计 网站制作,大家一起学习  一起进步！,北京,男
金兰,保密,英语 日语 PHP 韩国语,英语 日语 PHP,计算机技术的联系我,北京,女
lyout,保密,心理学 做饭 法律 历史,钢琴 股票 唱歌,每天都在苦苦地等待那个和我交换机能的人，莫非我等的就是你。,荆州,男
资孜,保密,伦敦三一口语 英语(应试托福 剑桥视听说） 大学四六级,化妆 跳舞 日语等一些有意思的皆可,一直以为自己的愿望是做个问题少女，却循规蹈矩了这么多年,北京,女
匿名网友,保密,会计用会计知识交换自考专科大学语文或高数一,会计用会计知识交换自考专科大学语文或高数一,闸北,上海,保密
cy_office,保密,SQL DELPHI SERVER开发,NET ORACLE VS,我是一个爱学习的人，真诚地期待有人可以和我互相学习。,温州,男
赵东海,保密,计算机平面制图建筑效果图及维修,韩语 英语,自嘲本是后山人偶做前堂客。醉舞经阁半卷书坐井说天阔。大志戏功名海斗量福祸。论到囊中羞涩时怒指乾坤错,淮南,男
haidao,26岁,篮球,韩语,驾驶，篮球，游泳,济宁,男
冷井情深,保密,CAD 中医 象棋 哲学 风水 易经 三国杀 道路设计,中医 漫画 服装设计,本人大学期间学的是地质专业，现在从事公路设计，本人兴趣广泛，对中国文化比较感兴趣，尤其是中医和哲学，看过不少中医、哲学的书籍，想继续向志同道合的朋友学习。本人擅长的当然是自己的专业和工作咯，CAD、EICAD、纬地等工作常用非常熟练，想学互通式立交设计的也可以找我，易经桥牌风水略通，喜欢玩象棋三国杀的也可以找我哦，本人现在最想学的是中医针灸或服装设计，欢迎会的朋友指导~,北京,男
FR童心,保密,英语 写作 雅思 社会心理学,酒店管理,我学习社会心理学六年，广泛阅读有关的资料书籍，考取雅思6.5，希望可以帮助想考雅思的考生,杭州,女
liuli,保密,化妆 普通话,魔术,我觉得吧学习技能分三个阶段，首选是找到合适的换客，然后呢就是线上交流，然后就是开始学习。,北京,女
a3322826,保密,游泳 英语八级 流畅口语,法语 汽车驾驶 国画,MSN QQ都长期在线 QQ验证（刘韵华）,北京,女
k990318,保密,中文 中医 各种球类,日语 急救技能,我觉得这个技能交换网非常好，我会经常来这里看留言的，大家有什么话就尽管给我留言吧。真诚地期待能与大家互相学习，学到自己想学的知识。,南通,男
匿名网友,保密,驾驶--驾龄六年,游泳,可以利用休息和课余时间可以吗。可以短信联系。谢谢。,北京,男
匿名网友,保密,CAD CATIA PS 项目管理 公司筹建,英语,本人想找个口语练习搭档,福州,男
158VY,保密,写作 爬山 专业理财,太极拳 养生 收藏,本人精通理财，股票期货颇有研究，时间比较自由，除了股票交易时间外，都可以自由活动，喜欢爬白云山，呵呵。,广州,男
匿名网友,保密,联系方式 &lt SPAN STYLE=&quot FONT-SIZE 20PX FONT-WEIGHT BOLD&quot &gt 15076334533&lt  SPAN&gt (石家庄),联系方式 &lt SPAN STYLE=&quot FONT-SIZE 20PX FONT-WEIGHT BOLD&quot &gt 15076334533&lt  SPAN&gt (石家庄),高新区,郑州,保密
lancego,保密,烹饪 开车,编程 网络,本人谢绝一切推销，愿大家平等真诚地互相交换技能。最近偶尔去 技能交换俱乐部 里玩玩，有空去找我吧。,枣庄,男
瘦瘦,保密,调酒 做菜,英语 驾驶,会做一桌拿手菜，辣子兔、五香牛肉、鱼、鸭子等等；在酒吧待了几年，做个调酒、管理；总之能和你分享是一种快乐!!!,攀枝花,男
huliu26,保密,英语口语 游泳 粤语 羽毛,钢琴 小提琴,坦然~乐观~~简简单单：）,南昌,男
cherrycl,保密,日语 烹饪,摄影 粤语 瑜伽,本人谢绝一切推销，愿大家平等真诚地互相交换技能。最近偶尔去 技能交换俱乐部 里玩玩，有空去找我吧。,深圳,女
匿名网友,保密,联系方式 QQ 859314084,联系方式 QQ 859314084,白云区,广州,保密
匿名网友,保密,急救 和医学护理,英语 财会 或者法律,希望能学到初步的知识  共同学习 进步,北京,女
koweird,保密,医学类的一些,在等待自己感兴趣的,我是一个爱学习的人，真诚地期待有人可以和我互相学习。,南京,男
yezhibi,保密,游泳 篮球 ABPLC CAD电气设计,舞蹈,特别想学MJ的舞蹈,绍兴,男
匿名网友,保密,驾驶 吹牛 书画,多多益善,寻求有思想创业者！共同学习！,长沙,男
匿名网友,保密,美容护肤 彩妆 色彩搭配,舞蹈 英语,有爱，有生活，有美丽，在人生的不同瞬间，展现出多面的美，让你 看见，让你感悟，让你经历并触动.......学会各种彩妆技巧和日常皮肤护理。,苏州,女
